question,workflow,tools
我饿了,KNOWLEDGE_QA,SEARCH_PUBLIC_KNOWLEDGE
我有点饿了,KNOWLEDGE_QA,SEARCH_PUBLIC_KNOWLEDGE
我饿了去哪吃饭,KNOWLEDGE_QA,SEARCH_PUBLIC_KNOWLEDGE
我饿了学校哪里有吃的,KNOWLEDGE_QA,SEARCH_PUBLIC_KNOWLEDGE
现在有点饿去哪吃,KNOWLEDGE_QA,SEARCH_PUBLIC_KNOWLEDGE
想吃饭了,KNOWLEDGE_QA,SEARCH_PUBLIC_KNOWLEDGE
现在想吃饭了,KNOWLEDGE_QA,SEARCH_PUBLIC_KNOWLEDGE
想吃饭去哪比较方便,KNOWLEDGE_QA,SEARCH_PUBLIC_KNOWLEDGE
学校哪里适合吃饭,KNOWLEDGE_QA,SEARCH_PUBLIC_KNOWLEDGE
附近哪里能吃饭,KNOWLEDGE_QA,SEARCH_PUBLIC_KNOWLEDGE
学校哪里能吃饭,KNOWLEDGE_QA,SEARCH_PUBLIC_KNOWLEDGE
学校哪里可以吃饭,KNOWLEDGE_QA,SEARCH_PUBLIC_KNOWLEDGE
校内哪里能吃饭,KNOWLEDGE_QA,SEARCH_PUBLIC_KNOWLEDGE
校园里哪里有吃的,KNOWLEDGE_QA,SEARCH_PUBLIC_KNOWLEDGE
在学校去哪吃饭,KNOWLEDGE_QA,SEARCH_PUBLIC_KNOWLEDGE
附近有什么吃的,KNOWLEDGE_QA,SEARCH_PUBLIC_KNOWLEDGE
学校附近有什么吃的,KNOWLEDGE_QA,SEARCH_PUBLIC_KNOWLEDGE
附近哪里有饭吃,KNOWLEDGE_QA,SEARCH_PUBLIC_KNOWLEDGE
周边有什么能吃的,KNOWLEDGE_QA,SEARCH_PUBLIC_KNOWLEDGE
附近吃饭去哪,KNOWLEDGE_QA,SEARCH_PUBLIC_KNOWLEDGE
我想去饭堂,KNOWLEDGE_QA,SEARCH_PUBLIC_KNOWLEDGE
想去饭堂吃饭,KNOWLEDGE_QA,SEARCH_PUBLIC_KNOWLEDGE
饭堂在哪里,KNOWLEDGE_QA,SEARCH_PUBLIC_KNOWLEDGE
学校饭堂怎么去,KNOWLEDGE_QA,SEARCH_PUBLIC_KNOWLEDGE
现在想去饭堂,KNOWLEDGE_QA,SEARCH_PUBLIC_KNOWLEDGE
哪里有饭吃,KNOWLEDGE_QA,SEARCH_PUBLIC_KNOWLEDGE
学校哪里有饭吃,KNOWLEDGE_QA,SEARCH_PUBLIC_KNOWLEDGE
饭点去哪吃饭,KNOWLEDGE_QA,SEARCH_PUBLIC_KNOWLEDGE
我想打球,KNOWLEDGE_QA,SEARCH_PUBLIC_KNOWLEDGE
学校哪里能打球,KNOWLEDGE_QA,SEARCH_PUBLIC_KNOWLEDGE
想找地方打球,KNOWLEDGE_QA,SEARCH_PUBLIC_KNOWLEDGE
校内哪里可以打球,KNOWLEDGE_QA,SEARCH_PUBLIC_KNOWLEDGE
我想去运动场打球,KNOWLEDGE_QA,SEARCH_PUBLIC_KNOWLEDGE
想运动一下,KNOWLEDGE_QA,SEARCH_PUBLIC_KNOWLEDGE
学校哪里能运动,KNOWLEDGE_QA,SEARCH_PUBLIC_KNOWLEDGE
想找地方运动一下,KNOWLEDGE_QA,SEARCH_PUBLIC_KNOWLEDGE
校内哪里适合运动,KNOWLEDGE_QA,SEARCH_PUBLIC_KNOWLEDGE
想去体育馆运动,KNOWLEDGE_QA,SEARCH_PUBLIC_KNOWLEDGE
我不舒服,KNOWLEDGE_QA,SEARCH_PUBLIC_KNOWLEDGE
身体不舒服去哪看,KNOWLEDGE_QA,SEARCH_PUBLIC_KNOWLEDGE
不舒服可以去哪里,KNOWLEDGE_QA,SEARCH_PUBLIC_KNOWLEDGE
我不舒服想看医生,KNOWLEDGE_QA,SEARCH_PUBLIC_KNOWLEDGE
学校哪里能看病,KNOWLEDGE_QA,SEARCH_PUBLIC_KNOWLEDGE
我想去校医院,KNOWLEDGE_QA,SEARCH_PUBLIC_KNOWLEDGE
校医院在哪里,KNOWLEDGE_QA,SEARCH_PUBLIC_KNOWLEDGE
学校医院怎么去,KNOWLEDGE_QA,SEARCH_PUBLIC_KNOWLEDGE
我想去校医院看一下,KNOWLEDGE_QA,SEARCH_PUBLIC_KNOWLEDGE
校医院怎么走,KNOWLEDGE_QA,SEARCH_PUBLIC_KNOWLEDGE
快递到了去哪拿,KNOWLEDGE_QA,SEARCH_PUBLIC_KNOWLEDGE
学校快递去哪取,KNOWLEDGE_QA,SEARCH_PUBLIC_KNOWLEDGE
快递点在哪里,KNOWLEDGE_QA,SEARCH_PUBLIC_KNOWLEDGE
取快递去哪里,KNOWLEDGE_QA,SEARCH_PUBLIC_KNOWLEDGE
我的快递到了在哪里拿,KNOWLEDGE_QA,SEARCH_PUBLIC_KNOWLEDGE
校园卡没钱了,KNOWLEDGE_QA,SEARCH_PUBLIC_KNOWLEDGE
校园卡怎么充值,KNOWLEDGE_QA,SEARCH_PUBLIC_KNOWLEDGE
校园卡余额不够怎么办,KNOWLEDGE_QA,SEARCH_PUBLIC_KNOWLEDGE
学校校园卡在哪里充钱,KNOWLEDGE_QA,SEARCH_PUBLIC_KNOWLEDGE
校园卡没钱去哪里处理,KNOWLEDGE_QA,SEARCH_PUBLIC_KNOWLEDGE
我想洗澡,KNOWLEDGE_QA,SEARCH_PUBLIC_KNOWLEDGE
学校哪里能洗澡,KNOWLEDGE_QA,SEARCH_PUBLIC_KNOWLEDGE
宿舍洗澡怎么弄,KNOWLEDGE_QA,SEARCH_PUBLIC_KNOWLEDGE
洗澡热水怎么用,KNOWLEDGE_QA,SEARCH_PUBLIC_KNOWLEDGE
校内洗澡去哪里,KNOWLEDGE_QA,SEARCH_PUBLIC_KNOWLEDGE
宿舍没电了怎么办,KNOWLEDGE_QA,SEARCH_PUBLIC_KNOWLEDGE
宿舍断电了怎么办,KNOWLEDGE_QA,SEARCH_PUBLIC_KNOWLEDGE
宿舍电费怎么充,KNOWLEDGE_QA,SEARCH_PUBLIC_KNOWLEDGE
宿舍没电去哪处理,KNOWLEDGE_QA,SEARCH_PUBLIC_KNOWLEDGE
宿舍用电不够了怎么办,KNOWLEDGE_QA,SEARCH_PUBLIC_KNOWLEDGE
华工有哪些食堂,KNOWLEDGE_QA,SEARCH_PUBLIC_KNOWLEDGE
请问华工有哪些食堂,KNOWLEDGE_QA,SEARCH_PUBLIC_KNOWLEDGE
我想知道华工有哪些食堂,KNOWLEDGE_QA,SEARCH_PUBLIC_KNOWLEDGE
麻烦告诉我华工有哪些食堂,KNOWLEDGE_QA,SEARCH_PUBLIC_KNOWLEDGE
能不能告诉我华工有哪些食堂,KNOWLEDGE_QA,SEARCH_PUBLIC_KNOWLEDGE
校园卡丢了怎么办,KNOWLEDGE_QA,SEARCH_PUBLIC_KNOWLEDGE
请问校园卡丢了怎么办,KNOWLEDGE_QA,SEARCH_PUBLIC_KNOWLEDGE
我想知道校园卡丢了怎么办,KNOWLEDGE_QA,SEARCH_PUBLIC_KNOWLEDGE
麻烦告诉我校园卡丢了怎么办,KNOWLEDGE_QA,SEARCH_PUBLIC_KNOWLEDGE
能不能告诉我校园卡丢了怎么办,KNOWLEDGE_QA,SEARCH_PUBLIC_KNOWLEDGE
图书馆在哪里,KNOWLEDGE_QA,SEARCH_PUBLIC_KNOWLEDGE
请问图书馆在哪里,KNOWLEDGE_QA,SEARCH_PUBLIC_KNOWLEDGE
我想知道图书馆在哪里,KNOWLEDGE_QA,SEARCH_PUBLIC_KNOWLEDGE
麻烦告诉我图书馆在哪里,KNOWLEDGE_QA,SEARCH_PUBLIC_KNOWLEDGE
能不能告诉我图书馆在哪里,KNOWLEDGE_QA,SEARCH_PUBLIC_KNOWLEDGE
校医院几点上班,KNOWLEDGE_QA,SEARCH_PUBLIC_KNOWLEDGE
请问校医院几点上班,KNOWLEDGE_QA,SEARCH_PUBLIC_KNOWLEDGE
我想知道校医院几点上班,KNOWLEDGE_QA,SEARCH_PUBLIC_KNOWLEDGE
麻烦告诉我校医院几点上班,KNOWLEDGE_QA,SEARCH_PUBLIC_KNOWLEDGE
能不能告诉我校医院几点上班,KNOWLEDGE_QA,SEARCH_PUBLIC_KNOWLEDGE
学生证丢了怎么补办,KNOWLEDGE_QA,SEARCH_PUBLIC_KNOWLEDGE
请问学生证丢了怎么补办,KNOWLEDGE_QA,SEARCH_PUBLIC_KNOWLEDGE
我想知道学生证丢了怎么补办,KNOWLEDGE_QA,SEARCH_PUBLIC_KNOWLEDGE
麻烦告诉我学生证丢了怎么补办,KNOWLEDGE_QA,SEARCH_PUBLIC_KNOWLEDGE
能不能告诉我学生证丢了怎么补办,KNOWLEDGE_QA,SEARCH_PUBLIC_KNOWLEDGE
宿舍用电怎么充值,KNOWLEDGE_QA,SEARCH_PUBLIC_KNOWLEDGE
请问宿舍用电怎么充值,KNOWLEDGE_QA,SEARCH_PUBLIC_KNOWLEDGE
我想知道宿舍用电怎么充值,KNOWLEDGE_QA,SEARCH_PUBLIC_KNOWLEDGE
麻烦告诉我宿舍用电怎么充值,KNOWLEDGE_QA,SEARCH_PUBLIC_KNOWLEDGE
能不能告诉我宿舍用电怎么充值,KNOWLEDGE_QA,SEARCH_PUBLIC_KNOWLEDGE
明天食堂开门吗,KNOWLEDGE_QA,GET_CURRENT_TIME|SEARCH_PUBLIC_KNOWLEDGE
请问明天食堂开门吗,KNOWLEDGE_QA,GET_CURRENT_TIME|SEARCH_PUBLIC_KNOWLEDGE
我想知道明天食堂开门吗,KNOWLEDGE_QA,GET_CURRENT_TIME|SEARCH_PUBLIC_KNOWLEDGE
麻烦告诉我明天食堂开门吗,KNOWLEDGE_QA,GET_CURRENT_TIME|SEARCH_PUBLIC_KNOWLEDGE
能不能告诉我明天食堂开门吗,KNOWLEDGE_QA,GET_CURRENT_TIME|SEARCH_PUBLIC_KNOWLEDGE
今天图书馆开放吗,KNOWLEDGE_QA,GET_CURRENT_TIME|SEARCH_PUBLIC_KNOWLEDGE
请问今天图书馆开放吗,KNOWLEDGE_QA,GET_CURRENT_TIME|SEARCH_PUBLIC_KNOWLEDGE
我想知道今天图书馆开放吗,KNOWLEDGE_QA,GET_CURRENT_TIME|SEARCH_PUBLIC_KNOWLEDGE
麻烦告诉我今天图书馆开放吗,KNOWLEDGE_QA,GET_CURRENT_TIME|SEARCH_PUBLIC_KNOWLEDGE
能不能告诉我今天图书馆开放吗,KNOWLEDGE_QA,GET_CURRENT_TIME|SEARCH_PUBLIC_KNOWLEDGE
周末体育馆能去吗,KNOWLEDGE_QA,GET_CURRENT_TIME|SEARCH_PUBLIC_KNOWLEDGE
请问周末体育馆能去吗,KNOWLEDGE_QA,GET_CURRENT_TIME|SEARCH_PUBLIC_KNOWLEDGE
我想知道周末体育馆能去吗,KNOWLEDGE_QA,GET_CURRENT_TIME|SEARCH_PUBLIC_KNOWLEDGE
麻烦告诉我周末体育馆能去吗,KNOWLEDGE_QA,GET_CURRENT_TIME|SEARCH_PUBLIC_KNOWLEDGE
能不能告诉我周末体育馆能去吗,KNOWLEDGE_QA,GET_CURRENT_TIME|SEARCH_PUBLIC_KNOWLEDGE
晚上还能去饭堂吗,KNOWLEDGE_QA,GET_CURRENT_TIME|SEARCH_PUBLIC_KNOWLEDGE
请问晚上还能去饭堂吗,KNOWLEDGE_QA,GET_CURRENT_TIME|SEARCH_PUBLIC_KNOWLEDGE
我想知道晚上还能去饭堂吗,KNOWLEDGE_QA,GET_CURRENT_TIME|SEARCH_PUBLIC_KNOWLEDGE
麻烦告诉我晚上还能去饭堂吗,KNOWLEDGE_QA,GET_CURRENT_TIME|SEARCH_PUBLIC_KNOWLEDGE
能不能告诉我晚上还能去饭堂吗,KNOWLEDGE_QA,GET_CURRENT_TIME|SEARCH_PUBLIC_KNOWLEDGE
下周一教务处上班吗,KNOWLEDGE_QA,GET_CURRENT_TIME|SEARCH_PUBLIC_KNOWLEDGE
请问下周一教务处上班吗,KNOWLEDGE_QA,GET_CURRENT_TIME|SEARCH_PUBLIC_KNOWLEDGE
我想知道下周一教务处上班吗,KNOWLEDGE_QA,GET_CURRENT_TIME|SEARCH_PUBLIC_KNOWLEDGE
麻烦告诉我下周一教务处上班吗,KNOWLEDGE_QA,GET_CURRENT_TIME|SEARCH_PUBLIC_KNOWLEDGE
能不能告诉我下周一教务处上班吗,KNOWLEDGE_QA,GET_CURRENT_TIME|SEARCH_PUBLIC_KNOWLEDGE
国庆校医院开不开,KNOWLEDGE_QA,GET_CURRENT_TIME|SEARCH_PUBLIC_KNOWLEDGE
请问国庆校医院开不开,KNOWLEDGE_QA,GET_CURRENT_TIME|SEARCH_PUBLIC_KNOWLEDGE
我想知道国庆校医院开不开,KNOWLEDGE_QA,GET_CURRENT_TIME|SEARCH_PUBLIC_KNOWLEDGE
麻烦告诉我国庆校医院开不开,KNOWLEDGE_QA,GET_CURRENT_TIME|SEARCH_PUBLIC_KNOWLEDGE
能不能告诉我国庆校医院开不开,KNOWLEDGE_QA,GET_CURRENT_TIME|SEARCH_PUBLIC_KNOWLEDGE
我现在饿了,KNOWLEDGE_QA,GET_CURRENT_TIME|SEARCH_PUBLIC_KNOWLEDGE
请问我现在饿了,KNOWLEDGE_QA,GET_CURRENT_TIME|SEARCH_PUBLIC_KNOWLEDGE
我想知道我现在饿了,KNOWLEDGE_QA,GET_CURRENT_TIME|SEARCH_PUBLIC_KNOWLEDGE
麻烦告诉我我现在饿了,KNOWLEDGE_QA,GET_CURRENT_TIME|SEARCH_PUBLIC_KNOWLEDGE
能不能告诉我我现在饿了,KNOWLEDGE_QA,GET_CURRENT_TIME|SEARCH_PUBLIC_KNOWLEDGE
今晚图书馆几点关门,KNOWLEDGE_QA,GET_CURRENT_TIME|SEARCH_PUBLIC_KNOWLEDGE
请问今晚图书馆几点关门,KNOWLEDGE_QA,GET_CURRENT_TIME|SEARCH_PUBLIC_KNOWLEDGE
我想知道今晚图书馆几点关门,KNOWLEDGE_QA,GET_CURRENT_TIME|SEARCH_PUBLIC_KNOWLEDGE
麻烦告诉我今晚图书馆几点关门,KNOWLEDGE_QA,GET_CURRENT_TIME|SEARCH_PUBLIC_KNOWLEDGE
能不能告诉我今晚图书馆几点关门,KNOWLEDGE_QA,GET_CURRENT_TIME|SEARCH_PUBLIC_KNOWLEDGE
明天有什么作业要交吗,AGENT_TASK,GET_CURRENT_TIME|SEARCH_USER_SCHEDULE|SEARCH_USER_TODO|SEARCH_GLOBAL_KNOWLEDGE
请问明天有什么作业要交吗,AGENT_TASK,GET_CURRENT_TIME|SEARCH_USER_SCHEDULE|SEARCH_USER_TODO|SEARCH_GLOBAL_KNOWLEDGE
我想知道明天有什么作业要交吗,AGENT_TASK,GET_CURRENT_TIME|SEARCH_USER_SCHEDULE|SEARCH_USER_TODO|SEARCH_GLOBAL_KNOWLEDGE
麻烦告诉我明天有什么作业要交吗,AGENT_TASK,GET_CURRENT_TIME|SEARCH_USER_SCHEDULE|SEARCH_USER_TODO|SEARCH_GLOBAL_KNOWLEDGE
能不能告诉我明天有什么作业要交吗,AGENT_TASK,GET_CURRENT_TIME|SEARCH_USER_SCHEDULE|SEARCH_USER_TODO|SEARCH_GLOBAL_KNOWLEDGE
我明天有哪些事情,AGENT_TASK,GET_CURRENT_TIME|SEARCH_USER_SCHEDULE|SEARCH_USER_TODO|SEARCH_GLOBAL_KNOWLEDGE
请问我明天有哪些事情,AGENT_TASK,GET_CURRENT_TIME|SEARCH_USER_SCHEDULE|SEARCH_USER_TODO|SEARCH_GLOBAL_KNOWLEDGE
我想知道我明天有哪些事情,AGENT_TASK,GET_CURRENT_TIME|SEARCH_USER_SCHEDULE|SEARCH_USER_TODO|SEARCH_GLOBAL_KNOWLEDGE
麻烦告诉我我明天有哪些事情,AGENT_TASK,GET_CURRENT_TIME|SEARCH_USER_SCHEDULE|SEARCH_USER_TODO|SEARCH_GLOBAL_KNOWLEDGE
能不能告诉我我明天有哪些事情,AGENT_TASK,GET_CURRENT_TIME|SEARCH_USER_SCHEDULE|SEARCH_USER_TODO|SEARCH_GLOBAL_KNOWLEDGE
我下周什么时候有空,AGENT_TASK,GET_CURRENT_TIME|SEARCH_USER_SCHEDULE|SEARCH_USER_TODO|SEARCH_GLOBAL_KNOWLEDGE
请问我下周什么时候有空,AGENT_TASK,GET_CURRENT_TIME|SEARCH_USER_SCHEDULE|SEARCH_USER_TODO|SEARCH_GLOBAL_KNOWLEDGE
我想知道我下周什么时候有空,AGENT_TASK,GET_CURRENT_TIME|SEARCH_USER_SCHEDULE|SEARCH_USER_TODO|SEARCH_GLOBAL_KNOWLEDGE
麻烦告诉我我下周什么时候有空,AGENT_TASK,GET_CURRENT_TIME|SEARCH_USER_SCHEDULE|SEARCH_USER_TODO|SEARCH_GLOBAL_KNOWLEDGE
能不能告诉我我下周什么时候有空,AGENT_TASK,GET_CURRENT_TIME|SEARCH_USER_SCHEDULE|SEARCH_USER_TODO|SEARCH_GLOBAL_KNOWLEDGE
帮我安排明天的学习,AGENT_TASK,GET_CURRENT_TIME|SEARCH_USER_SCHEDULE|SEARCH_USER_TODO|SEARCH_GLOBAL_KNOWLEDGE
请帮我安排明天的学习,AGENT_TASK,GET_CURRENT_TIME|SEARCH_USER_SCHEDULE|SEARCH_USER_TODO|SEARCH_GLOBAL_KNOWLEDGE
麻烦帮我安排明天的学习,AGENT_TASK,GET_CURRENT_TIME|SEARCH_USER_SCHEDULE|SEARCH_USER_TODO|SEARCH_GLOBAL_KNOWLEDGE
能不能帮我安排明天的学习,AGENT_TASK,GET_CURRENT_TIME|SEARCH_USER_SCHEDULE|SEARCH_USER_TODO|SEARCH_GLOBAL_KNOWLEDGE
可以帮我安排明天的学习,AGENT_TASK,GET_CURRENT_TIME|SEARCH_USER_SCHEDULE|SEARCH_USER_TODO|SEARCH_GLOBAL_KNOWLEDGE
帮我看看今天怎么规划,AGENT_TASK,GET_CURRENT_TIME|SEARCH_USER_SCHEDULE|SEARCH_USER_TODO|SEARCH_GLOBAL_KNOWLEDGE
请帮我看看今天怎么规划,AGENT_TASK,GET_CURRENT_TIME|SEARCH_USER_SCHEDULE|SEARCH_USER_TODO|SEARCH_GLOBAL_KNOWLEDGE
麻烦帮我看看今天怎么规划,AGENT_TASK,GET_CURRENT_TIME|SEARCH_USER_SCHEDULE|SEARCH_USER_TODO|SEARCH_GLOBAL_KNOWLEDGE
能不能帮我看看今天怎么规划,AGENT_TASK,GET_CURRENT_TIME|SEARCH_USER_SCHEDULE|SEARCH_USER_TODO|SEARCH_GLOBAL_KNOWLEDGE
可以帮我看看今天怎么规划,AGENT_TASK,GET_CURRENT_TIME|SEARCH_USER_SCHEDULE|SEARCH_USER_TODO|SEARCH_GLOBAL_KNOWLEDGE
根据我的课程表安排明天,AGENT_TASK,GET_CURRENT_TIME|SEARCH_USER_SCHEDULE|SEARCH_USER_TODO|SEARCH_GLOBAL_KNOWLEDGE
请根据我的课程表安排明天,AGENT_TASK,GET_CURRENT_TIME|SEARCH_USER_SCHEDULE|SEARCH_USER_TODO|SEARCH_GLOBAL_KNOWLEDGE
麻烦根据我的课程表安排明天,AGENT_TASK,GET_CURRENT_TIME|SEARCH_USER_SCHEDULE|SEARCH_USER_TODO|SEARCH_GLOBAL_KNOWLEDGE
帮我根据我的课程表安排明天,AGENT_TASK,GET_CURRENT_TIME|SEARCH_USER_SCHEDULE|SEARCH_USER_TODO|SEARCH_GLOBAL_KNOWLEDGE
能不能根据我的课程表安排明天,AGENT_TASK,GET_CURRENT_TIME|SEARCH_USER_SCHEDULE|SEARCH_USER_TODO|SEARCH_GLOBAL_KNOWLEDGE
帮我制定期末复习计划,AGENT_TASK,GET_CURRENT_TIME|SEARCH_USER_SCHEDULE|SEARCH_USER_TODO|SEARCH_GLOBAL_KNOWLEDGE
请帮我制定期末复习计划,AGENT_TASK,GET_CURRENT_TIME|SEARCH_USER_SCHEDULE|SEARCH_USER_TODO|SEARCH_GLOBAL_KNOWLEDGE
麻烦帮我制定期末复习计划,AGENT_TASK,GET_CURRENT_TIME|SEARCH_USER_SCHEDULE|SEARCH_USER_TODO|SEARCH_GLOBAL_KNOWLEDGE
能不能帮我制定期末复习计划,AGENT_TASK,GET_CURRENT_TIME|SEARCH_USER_SCHEDULE|SEARCH_USER_TODO|SEARCH_GLOBAL_KNOWLEDGE
可以帮我制定期末复习计划,AGENT_TASK,GET_CURRENT_TIME|SEARCH_USER_SCHEDULE|SEARCH_USER_TODO|SEARCH_GLOBAL_KNOWLEDGE
今晚先写什么作业,AGENT_TASK,GET_CURRENT_TIME|SEARCH_USER_SCHEDULE|SEARCH_USER_TODO|SEARCH_GLOBAL_KNOWLEDGE
请问今晚先写什么作业,AGENT_TASK,GET_CURRENT_TIME|SEARCH_USER_SCHEDULE|SEARCH_USER_TODO|SEARCH_GLOBAL_KNOWLEDGE
我想知道今晚先写什么作业,AGENT_TASK,GET_CURRENT_TIME|SEARCH_USER_SCHEDULE|SEARCH_USER_TODO|SEARCH_GLOBAL_KNOWLEDGE
麻烦告诉我今晚先写什么作业,AGENT_TASK,GET_CURRENT_TIME|SEARCH_USER_SCHEDULE|SEARCH_USER_TODO|SEARCH_GLOBAL_KNOWLEDGE
能不能告诉我今晚先写什么作业,AGENT_TASK,GET_CURRENT_TIME|SEARCH_USER_SCHEDULE|SEARCH_USER_TODO|SEARCH_GLOBAL_KNOWLEDGE
帮我制定明天的日程表,AGENT_TASK,GET_CURRENT_TIME|SEARCH_USER_SCHEDULE|SEARCH_USER_TODO|SEARCH_GLOBAL_KNOWLEDGE
请帮我制定明天的日程表,AGENT_TASK,GET_CURRENT_TIME|SEARCH_USER_SCHEDULE|SEARCH_USER_TODO|SEARCH_GLOBAL_KNOWLEDGE
麻烦帮我制定明天的日程表,AGENT_TASK,GET_CURRENT_TIME|SEARCH_USER_SCHEDULE|SEARCH_USER_TODO|SEARCH_GLOBAL_KNOWLEDGE
能不能帮我制定明天的日程表,AGENT_TASK,GET_CURRENT_TIME|SEARCH_USER_SCHEDULE|SEARCH_USER_TODO|SEARCH_GLOBAL_KNOWLEDGE
可以帮我制定明天的日程表,AGENT_TASK,GET_CURRENT_TIME|SEARCH_USER_SCHEDULE|SEARCH_USER_TODO|SEARCH_GLOBAL_KNOWLEDGE
明天我应该先做什么,AGENT_TASK,GET_CURRENT_TIME|SEARCH_USER_SCHEDULE|SEARCH_USER_TODO|SEARCH_GLOBAL_KNOWLEDGE
请问明天我应该先做什么,AGENT_TASK,GET_CURRENT_TIME|SEARCH_USER_SCHEDULE|SEARCH_USER_TODO|SEARCH_GLOBAL_KNOWLEDGE
我想知道明天我应该先做什么,AGENT_TASK,GET_CURRENT_TIME|SEARCH_USER_SCHEDULE|SEARCH_USER_TODO|SEARCH_GLOBAL_KNOWLEDGE
麻烦告诉我明天我应该先做什么,AGENT_TASK,GET_CURRENT_TIME|SEARCH_USER_SCHEDULE|SEARCH_USER_TODO|SEARCH_GLOBAL_KNOWLEDGE
能不能告诉我明天我应该先做什么,AGENT_TASK,GET_CURRENT_TIME|SEARCH_USER_SCHEDULE|SEARCH_USER_TODO|SEARCH_GLOBAL_KNOWLEDGE
帮我整理今天的待办事项,AGENT_TASK,GET_CURRENT_TIME|SEARCH_USER_SCHEDULE|SEARCH_USER_TODO|SEARCH_GLOBAL_KNOWLEDGE
请帮我整理今天的待办事项,AGENT_TASK,GET_CURRENT_TIME|SEARCH_USER_SCHEDULE|SEARCH_USER_TODO|SEARCH_GLOBAL_KNOWLEDGE
麻烦帮我整理今天的待办事项,AGENT_TASK,GET_CURRENT_TIME|SEARCH_USER_SCHEDULE|SEARCH_USER_TODO|SEARCH_GLOBAL_KNOWLEDGE
能不能帮我整理今天的待办事项,AGENT_TASK,GET_CURRENT_TIME|SEARCH_USER_SCHEDULE|SEARCH_USER_TODO|SEARCH_GLOBAL_KNOWLEDGE
可以帮我整理今天的待办事项,AGENT_TASK,GET_CURRENT_TIME|SEARCH_USER_SCHEDULE|SEARCH_USER_TODO|SEARCH_GLOBAL_KNOWLEDGE
安排这周的复习时间,AGENT_TASK,GET_CURRENT_TIME|SEARCH_USER_SCHEDULE|SEARCH_USER_TODO|SEARCH_GLOBAL_KNOWLEDGE
请帮我安排这周的复习时间,AGENT_TASK,GET_CURRENT_TIME|SEARCH_USER_SCHEDULE|SEARCH_USER_TODO|SEARCH_GLOBAL_KNOWLEDGE
麻烦安排这周的复习时间,AGENT_TASK,GET_CURRENT_TIME|SEARCH_USER_SCHEDULE|SEARCH_USER_TODO|SEARCH_GLOBAL_KNOWLEDGE
帮我安排这周的复习时间,AGENT_TASK,GET_CURRENT_TIME|SEARCH_USER_SCHEDULE|SEARCH_USER_TODO|SEARCH_GLOBAL_KNOWLEDGE
请安排这周的复习时间,AGENT_TASK,GET_CURRENT_TIME|SEARCH_USER_SCHEDULE|SEARCH_USER_TODO|SEARCH_GLOBAL_KNOWLEDGE
把下周的作业和考试排一个优先级,AGENT_TASK,GET_CURRENT_TIME|SEARCH_USER_SCHEDULE|SEARCH_USER_TODO|SEARCH_GLOBAL_KNOWLEDGE
请帮我把下周的作业和考试排一个优先级,AGENT_TASK,GET_CURRENT_TIME|SEARCH_USER_SCHEDULE|SEARCH_USER_TODO|SEARCH_GLOBAL_KNOWLEDGE
麻烦把下周的作业和考试排一个优先级,AGENT_TASK,GET_CURRENT_TIME|SEARCH_USER_SCHEDULE|SEARCH_USER_TODO|SEARCH_GLOBAL_KNOWLEDGE
帮我把下周的作业和考试排一个优先级,AGENT_TASK,GET_CURRENT_TIME|SEARCH_USER_SCHEDULE|SEARCH_USER_TODO|SEARCH_GLOBAL_KNOWLEDGE
请把下周的作业和考试排一个优先级,AGENT_TASK,GET_CURRENT_TIME|SEARCH_USER_SCHEDULE|SEARCH_USER_TODO|SEARCH_GLOBAL_KNOWLEDGE
生成一份数据库课程复习计划,AGENT_TASK,SEARCH_CONVERSATION_KNOWLEDGE|SEARCH_GLOBAL_KNOWLEDGE
请帮我生成一份数据库课程复习计划,AGENT_TASK,SEARCH_CONVERSATION_KNOWLEDGE|SEARCH_GLOBAL_KNOWLEDGE
麻烦生成一份数据库课程复习计划,AGENT_TASK,SEARCH_CONVERSATION_KNOWLEDGE|SEARCH_GLOBAL_KNOWLEDGE
帮我生成一份数据库课程复习计划,AGENT_TASK,SEARCH_CONVERSATION_KNOWLEDGE|SEARCH_GLOBAL_KNOWLEDGE
请生成一份数据库课程复习计划,AGENT_TASK,SEARCH_CONVERSATION_KNOWLEDGE|SEARCH_GLOBAL_KNOWLEDGE
根据我的空闲时间安排健身和学习,AGENT_TASK,SEARCH_USER_SCHEDULE|SEARCH_USER_TODO
请根据我的空闲时间安排健身和学习,AGENT_TASK,SEARCH_USER_SCHEDULE|SEARCH_USER_TODO
麻烦根据我的空闲时间安排健身和学习,AGENT_TASK,SEARCH_USER_SCHEDULE|SEARCH_USER_TODO
帮我根据我的空闲时间安排健身和学习,AGENT_TASK,SEARCH_USER_SCHEDULE|SEARCH_USER_TODO
能不能根据我的空闲时间安排健身和学习,AGENT_TASK,SEARCH_USER_SCHEDULE|SEARCH_USER_TODO
帮我拆解这个项目的执行步骤,AGENT_TASK,SEARCH_CONVERSATION_KNOWLEDGE|SEARCH_GLOBAL_KNOWLEDGE
请帮我拆解这个项目的执行步骤,AGENT_TASK,SEARCH_CONVERSATION_KNOWLEDGE|SEARCH_GLOBAL_KNOWLEDGE
麻烦帮我拆解这个项目的执行步骤,AGENT_TASK,SEARCH_CONVERSATION_KNOWLEDGE|SEARCH_GLOBAL_KNOWLEDGE
能不能帮我拆解这个项目的执行步骤,AGENT_TASK,SEARCH_CONVERSATION_KNOWLEDGE|SEARCH_GLOBAL_KNOWLEDGE
可以帮我拆解这个项目的执行步骤,AGENT_TASK,SEARCH_CONVERSATION_KNOWLEDGE|SEARCH_GLOBAL_KNOWLEDGE
把明天的会议和学习任务排进日程,AGENT_TASK,GET_CURRENT_TIME|SEARCH_USER_SCHEDULE|SEARCH_USER_TODO|SEARCH_GLOBAL_KNOWLEDGE
请帮我把明天的会议和学习任务排进日程,AGENT_TASK,GET_CURRENT_TIME|SEARCH_USER_SCHEDULE|SEARCH_USER_TODO|SEARCH_GLOBAL_KNOWLEDGE
麻烦把明天的会议和学习任务排进日程,AGENT_TASK,GET_CURRENT_TIME|SEARCH_USER_SCHEDULE|SEARCH_USER_TODO|SEARCH_GLOBAL_KNOWLEDGE
帮我把明天的会议和学习任务排进日程,AGENT_TASK,GET_CURRENT_TIME|SEARCH_USER_SCHEDULE|SEARCH_USER_TODO|SEARCH_GLOBAL_KNOWLEDGE
请把明天的会议和学习任务排进日程,AGENT_TASK,GET_CURRENT_TIME|SEARCH_USER_SCHEDULE|SEARCH_USER_TODO|SEARCH_GLOBAL_KNOWLEDGE
为我制定一份英语六级备考计划,AGENT_TASK,SEARCH_GLOBAL_KNOWLEDGE
请帮我为我制定一份英语六级备考计划,AGENT_TASK,SEARCH_GLOBAL_KNOWLEDGE
麻烦为我制定一份英语六级备考计划,AGENT_TASK,SEARCH_GLOBAL_KNOWLEDGE
帮我为我制定一份英语六级备考计划,AGENT_TASK,SEARCH_GLOBAL_KNOWLEDGE
请为我制定一份英语六级备考计划,AGENT_TASK,SEARCH_GLOBAL_KNOWLEDGE
安排今晚两小时的高效复习流程,AGENT_TASK,GET_CURRENT_TIME|SEARCH_USER_TODO|SEARCH_GLOBAL_KNOWLEDGE
请帮我安排今晚两小时的高效复习流程,AGENT_TASK,GET_CURRENT_TIME|SEARCH_USER_TODO|SEARCH_GLOBAL_KNOWLEDGE
麻烦安排今晚两小时的高效复习流程,AGENT_TASK,GET_CURRENT_TIME|SEARCH_USER_TODO|SEARCH_GLOBAL_KNOWLEDGE
帮我安排今晚两小时的高效复习流程,AGENT_TASK,GET_CURRENT_TIME|SEARCH_USER_TODO|SEARCH_GLOBAL_KNOWLEDGE
请安排今晚两小时的高效复习流程,AGENT_TASK,GET_CURRENT_TIME|SEARCH_USER_TODO|SEARCH_GLOBAL_KNOWLEDGE
根据截止日期整理任务清单,AGENT_TASK,SEARCH_USER_TODO|SEARCH_GLOBAL_KNOWLEDGE
请根据截止日期整理任务清单,AGENT_TASK,SEARCH_USER_TODO|SEARCH_GLOBAL_KNOWLEDGE
麻烦根据截止日期整理任务清单,AGENT_TASK,SEARCH_USER_TODO|SEARCH_GLOBAL_KNOWLEDGE
帮我根据截止日期整理任务清单,AGENT_TASK,SEARCH_USER_TODO|SEARCH_GLOBAL_KNOWLEDGE
能不能根据截止日期整理任务清单,AGENT_TASK,SEARCH_USER_TODO|SEARCH_GLOBAL_KNOWLEDGE
帮我判断明天下午有没有空,AGENT_TASK,GET_CURRENT_TIME|SEARCH_USER_SCHEDULE|SEARCH_USER_TODO
请帮我判断明天下午有没有空,AGENT_TASK,GET_CURRENT_TIME|SEARCH_USER_SCHEDULE|SEARCH_USER_TODO
麻烦帮我判断明天下午有没有空,AGENT_TASK,GET_CURRENT_TIME|SEARCH_USER_SCHEDULE|SEARCH_USER_TODO
能不能帮我判断明天下午有没有空,AGENT_TASK,GET_CURRENT_TIME|SEARCH_USER_SCHEDULE|SEARCH_USER_TODO
可以帮我判断明天下午有没有空,AGENT_TASK,GET_CURRENT_TIME|SEARCH_USER_SCHEDULE|SEARCH_USER_TODO
规划一下这周每天复习什么,AGENT_TASK,GET_CURRENT_TIME|SEARCH_USER_SCHEDULE|SEARCH_USER_TODO|SEARCH_GLOBAL_KNOWLEDGE
请问规划一下这周每天复习什么,AGENT_TASK,GET_CURRENT_TIME|SEARCH_USER_SCHEDULE|SEARCH_USER_TODO|SEARCH_GLOBAL_KNOWLEDGE
我想知道规划一下这周每天复习什么,AGENT_TASK,GET_CURRENT_TIME|SEARCH_USER_SCHEDULE|SEARCH_USER_TODO|SEARCH_GLOBAL_KNOWLEDGE
麻烦告诉我规划一下这周每天复习什么,AGENT_TASK,GET_CURRENT_TIME|SEARCH_USER_SCHEDULE|SEARCH_USER_TODO|SEARCH_GLOBAL_KNOWLEDGE
能不能告诉我规划一下这周每天复习什么,AGENT_TASK,GET_CURRENT_TIME|SEARCH_USER_SCHEDULE|SEARCH_USER_TODO|SEARCH_GLOBAL_KNOWLEDGE
按优先级整理我的任务,AGENT_TASK,SEARCH_USER_TODO|SEARCH_GLOBAL_KNOWLEDGE
请问按优先级整理我的任务,AGENT_TASK,SEARCH_USER_TODO|SEARCH_GLOBAL_KNOWLEDGE
我想知道按优先级整理我的任务,AGENT_TASK,SEARCH_USER_TODO|SEARCH_GLOBAL_KNOWLEDGE
麻烦告诉我按优先级整理我的任务,AGENT_TASK,SEARCH_USER_TODO|SEARCH_GLOBAL_KNOWLEDGE
能不能告诉我按优先级整理我的任务,AGENT_TASK,SEARCH_USER_TODO|SEARCH_GLOBAL_KNOWLEDGE
帮我安排考试周的学习节奏,AGENT_TASK,SEARCH_USER_SCHEDULE|SEARCH_USER_TODO|SEARCH_GLOBAL_KNOWLEDGE
请帮我安排考试周的学习节奏,AGENT_TASK,SEARCH_USER_SCHEDULE|SEARCH_USER_TODO|SEARCH_GLOBAL_KNOWLEDGE
麻烦帮我安排考试周的学习节奏,AGENT_TASK,SEARCH_USER_SCHEDULE|SEARCH_USER_TODO|SEARCH_GLOBAL_KNOWLEDGE
能不能帮我安排考试周的学习节奏,AGENT_TASK,SEARCH_USER_SCHEDULE|SEARCH_USER_TODO|SEARCH_GLOBAL_KNOWLEDGE
可以帮我安排考试周的学习节奏,AGENT_TASK,SEARCH_USER_SCHEDULE|SEARCH_USER_TODO|SEARCH_GLOBAL_KNOWLEDGE
看看今天还有哪些任务没完成,AGENT_TASK,GET_CURRENT_TIME|SEARCH_USER_TODO
请问看看今天还有哪些任务没完成,AGENT_TASK,GET_CURRENT_TIME|SEARCH_USER_TODO
我想知道看看今天还有哪些任务没完成,AGENT_TASK,GET_CURRENT_TIME|SEARCH_USER_TODO
麻烦告诉我看看今天还有哪些任务没完成,AGENT_TASK,GET_CURRENT_TIME|SEARCH_USER_TODO
能不能告诉我看看今天还有哪些任务没完成,AGENT_TASK,GET_CURRENT_TIME|SEARCH_USER_TODO
总结我刚刚上传的文件,FILE_QA,SEARCH_FILE_CONTENT
请问总结我刚刚上传的文件,FILE_QA,SEARCH_FILE_CONTENT
我想知道总结我刚刚上传的文件,FILE_QA,SEARCH_FILE_CONTENT
麻烦告诉我总结我刚刚上传的文件,FILE_QA,SEARCH_FILE_CONTENT
能不能告诉我总结我刚刚上传的文件,FILE_QA,SEARCH_FILE_CONTENT
这个文档主要讲了什么,FILE_QA,SEARCH_FILE_CONTENT
请问这个文档主要讲了什么,FILE_QA,SEARCH_FILE_CONTENT
我想知道这个文档主要讲了什么,FILE_QA,SEARCH_FILE_CONTENT
麻烦告诉我这个文档主要讲了什么,FILE_QA,SEARCH_FILE_CONTENT
能不能告诉我这个文档主要讲了什么,FILE_QA,SEARCH_FILE_CONTENT
我上传的课程表里周三有什么课,FILE_QA,SEARCH_FILE_CONTENT
请问我上传的课程表里周三有什么课,FILE_QA,SEARCH_FILE_CONTENT
我想知道我上传的课程表里周三有什么课,FILE_QA,SEARCH_FILE_CONTENT
麻烦告诉我我上传的课程表里周三有什么课,FILE_QA,SEARCH_FILE_CONTENT
能不能告诉我我上传的课程表里周三有什么课,FILE_QA,SEARCH_FILE_CONTENT
根据上传文件回答问题,FILE_QA,SEARCH_FILE_CONTENT
请根据上传文件回答问题,FILE_QA,SEARCH_FILE_CONTENT
麻烦根据上传文件回答问题,FILE_QA,SEARCH_FILE_CONTENT
帮我根据上传文件回答问题,FILE_QA,SEARCH_FILE_CONTENT
能不能根据上传文件回答问题,FILE_QA,SEARCH_FILE_CONTENT
文件里有没有提到考试,FILE_QA,SEARCH_FILE_CONTENT
请问文件里有没有提到考试,FILE_QA,SEARCH_FILE_CONTENT
我想知道文件里有没有提到考试,FILE_QA,SEARCH_FILE_CONTENT
麻烦告诉我文件里有没有提到考试,FILE_QA,SEARCH_FILE_CONTENT
能不能告诉我文件里有没有提到考试,FILE_QA,SEARCH_FILE_CONTENT
帮我提取上传文件中的重点,FILE_QA,SEARCH_FILE_CONTENT
请帮我提取上传文件中的重点,FILE_QA,SEARCH_FILE_CONTENT
麻烦帮我提取上传文件中的重点,FILE_QA,SEARCH_FILE_CONTENT
能不能帮我提取上传文件中的重点,FILE_QA,SEARCH_FILE_CONTENT
可以帮我提取上传文件中的重点,FILE_QA,SEARCH_FILE_CONTENT
概括这份课程资料的重点,FILE_QA,SEARCH_FILE_CONTENT
请问概括这份课程资料的重点,FILE_QA,SEARCH_FILE_CONTENT
我想知道概括这份课程资料的重点,FILE_QA,SEARCH_FILE_CONTENT
麻烦告诉我概括这份课程资料的重点,FILE_QA,SEARCH_FILE_CONTENT
能不能告诉我概括这份课程资料的重点,FILE_QA,SEARCH_FILE_CONTENT
从上传文件中提取关键知识点,FILE_QA,SEARCH_FILE_CONTENT
请帮我从上传文件中提取关键知识点,FILE_QA,SEARCH_FILE_CONTENT
麻烦从上传文件中提取关键知识点,FILE_QA,SEARCH_FILE_CONTENT
帮我从上传文件中提取关键知识点,FILE_QA,SEARCH_FILE_CONTENT
请从上传文件中提取关键知识点,FILE_QA,SEARCH_FILE_CONTENT
分析一下我上传的实验报告,FILE_QA,SEARCH_FILE_CONTENT
请问分析一下我上传的实验报告,FILE_QA,SEARCH_FILE_CONTENT
我想知道分析一下我上传的实验报告,FILE_QA,SEARCH_FILE_CONTENT
麻烦告诉我分析一下我上传的实验报告,FILE_QA,SEARCH_FILE_CONTENT
能不能告诉我分析一下我上传的实验报告,FILE_QA,SEARCH_FILE_CONTENT
根据刚才上传的课程表回答,FILE_QA,SEARCH_FILE_CONTENT
请根据刚才上传的课程表回答,FILE_QA,SEARCH_FILE_CONTENT
麻烦根据刚才上传的课程表回答,FILE_QA,SEARCH_FILE_CONTENT
帮我根据刚才上传的课程表回答,FILE_QA,SEARCH_FILE_CONTENT
能不能根据刚才上传的课程表回答,FILE_QA,SEARCH_FILE_CONTENT
这份 PDF 里有哪些重要结论,FILE_QA,SEARCH_FILE_CONTENT
请问这份 PDF 里有哪些重要结论,FILE_QA,SEARCH_FILE_CONTENT
我想知道这份 PDF 里有哪些重要结论,FILE_QA,SEARCH_FILE_CONTENT
麻烦告诉我这份 PDF 里有哪些重要结论,FILE_QA,SEARCH_FILE_CONTENT
能不能告诉我这份 PDF 里有哪些重要结论,FILE_QA,SEARCH_FILE_CONTENT
整理上传文档中的待办事项,FILE_QA,SEARCH_FILE_CONTENT
请问整理上传文档中的待办事项,FILE_QA,SEARCH_FILE_CONTENT
我想知道整理上传文档中的待办事项,FILE_QA,SEARCH_FILE_CONTENT
麻烦告诉我整理上传文档中的待办事项,FILE_QA,SEARCH_FILE_CONTENT
能不能告诉我整理上传文档中的待办事项,FILE_QA,SEARCH_FILE_CONTENT
从这份附件中找出时间和地点,FILE_QA,SEARCH_FILE_CONTENT
请帮我从这份附件中找出时间和地点,FILE_QA,SEARCH_FILE_CONTENT
麻烦从这份附件中找出时间和地点,FILE_QA,SEARCH_FILE_CONTENT
帮我从这份附件中找出时间和地点,FILE_QA,SEARCH_FILE_CONTENT
请从这份附件中找出时间和地点,FILE_QA,SEARCH_FILE_CONTENT
根据上传的论文说明研究方法,FILE_QA,SEARCH_FILE_CONTENT
请根据上传的论文说明研究方法,FILE_QA,SEARCH_FILE_CONTENT
麻烦根据上传的论文说明研究方法,FILE_QA,SEARCH_FILE_CONTENT
帮我根据上传的论文说明研究方法,FILE_QA,SEARCH_FILE_CONTENT
能不能根据上传的论文说明研究方法,FILE_QA,SEARCH_FILE_CONTENT
检查这个文件里是否包含报名要求,FILE_QA,SEARCH_FILE_CONTENT
请问检查这个文件里是否包含报名要求,FILE_QA,SEARCH_FILE_CONTENT
我想知道检查这个文件里是否包含报名要求,FILE_QA,SEARCH_FILE_CONTENT
麻烦告诉我检查这个文件里是否包含报名要求,FILE_QA,SEARCH_FILE_CONTENT
能不能告诉我检查这个文件里是否包含报名要求,FILE_QA,SEARCH_FILE_CONTENT
把我上传的会议记录整理成摘要,FILE_QA,SEARCH_FILE_CONTENT
请帮我把我上传的会议记录整理成摘要,FILE_QA,SEARCH_FILE_CONTENT
麻烦把我上传的会议记录整理成摘要,FILE_QA,SEARCH_FILE_CONTENT
帮我把我上传的会议记录整理成摘要,FILE_QA,SEARCH_FILE_CONTENT
请把我上传的会议记录整理成摘要,FILE_QA,SEARCH_FILE_CONTENT
这个文件中老师布置了什么作业,FILE_QA,SEARCH_FILE_CONTENT
请问这个文件中老师布置了什么作业,FILE_QA,SEARCH_FILE_CONTENT
我想知道这个文件中老师布置了什么作业,FILE_QA,SEARCH_FILE_CONTENT
麻烦告诉我这个文件中老师布置了什么作业,FILE_QA,SEARCH_FILE_CONTENT
能不能告诉我这个文件中老师布置了什么作业,FILE_QA,SEARCH_FILE_CONTENT
刚上传的图片里有什么信息,FILE_QA,SEARCH_FILE_CONTENT
请问刚上传的图片里有什么信息,FILE_QA,SEARCH_FILE_CONTENT
我想知道刚上传的图片里有什么信息,FILE_QA,SEARCH_FILE_CONTENT
麻烦告诉我刚上传的图片里有什么信息,FILE_QA,SEARCH_FILE_CONTENT
能不能告诉我刚上传的图片里有什么信息,FILE_QA,SEARCH_FILE_CONTENT
帮我看一下这份表格,FILE_QA,SEARCH_FILE_CONTENT
请帮我看一下这份表格,FILE_QA,SEARCH_FILE_CONTENT
麻烦帮我看一下这份表格,FILE_QA,SEARCH_FILE_CONTENT
能不能帮我看一下这份表格,FILE_QA,SEARCH_FILE_CONTENT
可以帮我看一下这份表格,FILE_QA,SEARCH_FILE_CONTENT
提取附件里的截止日期,FILE_QA,SEARCH_FILE_CONTENT
请问提取附件里的截止日期,FILE_QA,SEARCH_FILE_CONTENT
我想知道提取附件里的截止日期,FILE_QA,SEARCH_FILE_CONTENT
麻烦告诉我提取附件里的截止日期,FILE_QA,SEARCH_FILE_CONTENT
能不能告诉我提取附件里的截止日期,FILE_QA,SEARCH_FILE_CONTENT
根据这份材料生成复习提纲,FILE_QA,SEARCH_FILE_CONTENT
请根据这份材料生成复习提纲,FILE_QA,SEARCH_FILE_CONTENT
麻烦根据这份材料生成复习提纲,FILE_QA,SEARCH_FILE_CONTENT
帮我根据这份材料生成复习提纲,FILE_QA,SEARCH_FILE_CONTENT
能不能根据这份材料生成复习提纲,FILE_QA,SEARCH_FILE_CONTENT
这个课件讲了哪些概念,FILE_QA,SEARCH_FILE_CONTENT
请问这个课件讲了哪些概念,FILE_QA,SEARCH_FILE_CONTENT
我想知道这个课件讲了哪些概念,FILE_QA,SEARCH_FILE_CONTENT
麻烦告诉我这个课件讲了哪些概念,FILE_QA,SEARCH_FILE_CONTENT
能不能告诉我这个课件讲了哪些概念,FILE_QA,SEARCH_FILE_CONTENT
上传文件里有没有提到地点,FILE_QA,SEARCH_FILE_CONTENT
请问上传文件里有没有提到地点,FILE_QA,SEARCH_FILE_CONTENT
我想知道上传文件里有没有提到地点,FILE_QA,SEARCH_FILE_CONTENT
麻烦告诉我上传文件里有没有提到地点,FILE_QA,SEARCH_FILE_CONTENT
能不能告诉我上传文件里有没有提到地点,FILE_QA,SEARCH_FILE_CONTENT
这份资料适合怎么复习,FILE_QA,SEARCH_FILE_CONTENT
请问这份资料适合怎么复习,FILE_QA,SEARCH_FILE_CONTENT
我想知道这份资料适合怎么复习,FILE_QA,SEARCH_FILE_CONTENT
麻烦告诉我这份资料适合怎么复习,FILE_QA,SEARCH_FILE_CONTENT
能不能告诉我这份资料适合怎么复习,FILE_QA,SEARCH_FILE_CONTENT
帮我检查文档中的报名流程,FILE_QA,SEARCH_FILE_CONTENT
请帮我检查文档中的报名流程,FILE_QA,SEARCH_FILE_CONTENT
麻烦帮我检查文档中的报名流程,FILE_QA,SEARCH_FILE_CONTENT
能不能帮我检查文档中的报名流程,FILE_QA,SEARCH_FILE_CONTENT
可以帮我检查文档中的报名流程,FILE_QA,SEARCH_FILE_CONTENT
查询我的全局知识库,USER_KNOWLEDGE_QA,SEARCH_GLOBAL_KNOWLEDGE
请问查询我的全局知识库,USER_KNOWLEDGE_QA,SEARCH_GLOBAL_KNOWLEDGE
我想知道查询我的全局知识库,USER_KNOWLEDGE_QA,SEARCH_GLOBAL_KNOWLEDGE
麻烦告诉我查询我的全局知识库,USER_KNOWLEDGE_QA,SEARCH_GLOBAL_KNOWLEDGE
能不能告诉我查询我的全局知识库,USER_KNOWLEDGE_QA,SEARCH_GLOBAL_KNOWLEDGE
看看我之前上传过什么资料,USER_KNOWLEDGE_QA,SEARCH_GLOBAL_KNOWLEDGE
请问看看我之前上传过什么资料,USER_KNOWLEDGE_QA,SEARCH_GLOBAL_KNOWLEDGE
我想知道看看我之前上传过什么资料,USER_KNOWLEDGE_QA,SEARCH_GLOBAL_KNOWLEDGE
麻烦告诉我看看我之前上传过什么资料,USER_KNOWLEDGE_QA,SEARCH_GLOBAL_KNOWLEDGE
能不能告诉我看看我之前上传过什么资料,USER_KNOWLEDGE_QA,SEARCH_GLOBAL_KNOWLEDGE
从我的个人知识库里找操作系统资料,USER_KNOWLEDGE_QA,SEARCH_GLOBAL_KNOWLEDGE
请帮我从我的个人知识库里找操作系统资料,USER_KNOWLEDGE_QA,SEARCH_GLOBAL_KNOWLEDGE
麻烦从我的个人知识库里找操作系统资料,USER_KNOWLEDGE_QA,SEARCH_GLOBAL_KNOWLEDGE
帮我从我的个人知识库里找操作系统资料,USER_KNOWLEDGE_QA,SEARCH_GLOBAL_KNOWLEDGE
请从我的个人知识库里找操作系统资料,USER_KNOWLEDGE_QA,SEARCH_GLOBAL_KNOWLEDGE
我保存过哪些课程表,USER_KNOWLEDGE_QA,SEARCH_GLOBAL_KNOWLEDGE
请问我保存过哪些课程表,USER_KNOWLEDGE_QA,SEARCH_GLOBAL_KNOWLEDGE
我想知道我保存过哪些课程表,USER_KNOWLEDGE_QA,SEARCH_GLOBAL_KNOWLEDGE
麻烦告诉我我保存过哪些课程表,USER_KNOWLEDGE_QA,SEARCH_GLOBAL_KNOWLEDGE
能不能告诉我我保存过哪些课程表,USER_KNOWLEDGE_QA,SEARCH_GLOBAL_KNOWLEDGE
查询我之前导入的文件内容,USER_KNOWLEDGE_QA,SEARCH_GLOBAL_KNOWLEDGE
请问查询我之前导入的文件内容,USER_KNOWLEDGE_QA,SEARCH_GLOBAL_KNOWLEDGE
我想知道查询我之前导入的文件内容,USER_KNOWLEDGE_QA,SEARCH_GLOBAL_KNOWLEDGE
麻烦告诉我查询我之前导入的文件内容,USER_KNOWLEDGE_QA,SEARCH_GLOBAL_KNOWLEDGE
能不能告诉我查询我之前导入的文件内容,USER_KNOWLEDGE_QA,SEARCH_GLOBAL_KNOWLEDGE
从我的知识库里找复习内容,USER_KNOWLEDGE_QA,SEARCH_GLOBAL_KNOWLEDGE
请帮我从我的知识库里找复习内容,USER_KNOWLEDGE_QA,SEARCH_GLOBAL_KNOWLEDGE
麻烦从我的知识库里找复习内容,USER_KNOWLEDGE_QA,SEARCH_GLOBAL_KNOWLEDGE
帮我从我的知识库里找复习内容,USER_KNOWLEDGE_QA,SEARCH_GLOBAL_KNOWLEDGE
请从我的知识库里找复习内容,USER_KNOWLEDGE_QA,SEARCH_GLOBAL_KNOWLEDGE
查找我之前保存的待办事项,USER_KNOWLEDGE_QA,SEARCH_GLOBAL_KNOWLEDGE
请问查找我之前保存的待办事项,USER_KNOWLEDGE_QA,SEARCH_GLOBAL_KNOWLEDGE
我想知道查找我之前保存的待办事项,USER_KNOWLEDGE_QA,SEARCH_GLOBAL_KNOWLEDGE
麻烦告诉我查找我之前保存的待办事项,USER_KNOWLEDGE_QA,SEARCH_GLOBAL_KNOWLEDGE
能不能告诉我查找我之前保存的待办事项,USER_KNOWLEDGE_QA,SEARCH_GLOBAL_KNOWLEDGE
看看我的全局资料里有没有考试安排,USER_KNOWLEDGE_QA,SEARCH_GLOBAL_KNOWLEDGE
请问看看我的全局资料里有没有考试安排,USER_KNOWLEDGE_QA,SEARCH_GLOBAL_KNOWLEDGE
我想知道看看我的全局资料里有没有考试安排,USER_KNOWLEDGE_QA,SEARCH_GLOBAL_KNOWLEDGE
麻烦告诉我看看我的全局资料里有没有考试安排,USER_KNOWLEDGE_QA,SEARCH_GLOBAL_KNOWLEDGE
能不能告诉我看看我的全局资料里有没有考试安排,USER_KNOWLEDGE_QA,SEARCH_GLOBAL_KNOWLEDGE
搜索我的个人数据库,USER_KNOWLEDGE_QA,SEARCH_GLOBAL_KNOWLEDGE
请问搜索我的个人数据库,USER_KNOWLEDGE_QA,SEARCH_GLOBAL_KNOWLEDGE
我想知道搜索我的个人数据库,USER_KNOWLEDGE_QA,SEARCH_GLOBAL_KNOWLEDGE
麻烦告诉我搜索我的个人数据库,USER_KNOWLEDGE_QA,SEARCH_GLOBAL_KNOWLEDGE
能不能告诉我搜索我的个人数据库,USER_KNOWLEDGE_QA,SEARCH_GLOBAL_KNOWLEDGE
查询我上传过的课程资料,USER_KNOWLEDGE_QA,SEARCH_GLOBAL_KNOWLEDGE
请问查询我上传过的课程资料,USER_KNOWLEDGE_QA,SEARCH_GLOBAL_KNOWLEDGE
我想知道查询我上传过的课程资料,USER_KNOWLEDGE_QA,SEARCH_GLOBAL_KNOWLEDGE
麻烦告诉我查询我上传过的课程资料,USER_KNOWLEDGE_QA,SEARCH_GLOBAL_KNOWLEDGE
能不能告诉我查询我上传过的课程资料,USER_KNOWLEDGE_QA,SEARCH_GLOBAL_KNOWLEDGE
查一下我保存的项目笔记,USER_KNOWLEDGE_QA,SEARCH_GLOBAL_KNOWLEDGE
请问查一下我保存的项目笔记,USER_KNOWLEDGE_QA,SEARCH_GLOBAL_KNOWLEDGE
我想知道查一下我保存的项目笔记,USER_KNOWLEDGE_QA,SEARCH_GLOBAL_KNOWLEDGE
麻烦告诉我查一下我保存的项目笔记,USER_KNOWLEDGE_QA,SEARCH_GLOBAL_KNOWLEDGE
能不能告诉我查一下我保存的项目笔记,USER_KNOWLEDGE_QA,SEARCH_GLOBAL_KNOWLEDGE
从我的历史资料里找报名信息,USER_KNOWLEDGE_QA,SEARCH_GLOBAL_KNOWLEDGE
请帮我从我的历史资料里找报名信息,USER_KNOWLEDGE_QA,SEARCH_GLOBAL_KNOWLEDGE
麻烦从我的历史资料里找报名信息,USER_KNOWLEDGE_QA,SEARCH_GLOBAL_KNOWLEDGE
帮我从我的历史资料里找报名信息,USER_KNOWLEDGE_QA,SEARCH_GLOBAL_KNOWLEDGE
请从我的历史资料里找报名信息,USER_KNOWLEDGE_QA,SEARCH_GLOBAL_KNOWLEDGE
检索我的个人文档中关于实习的内容,USER_KNOWLEDGE_QA,SEARCH_GLOBAL_KNOWLEDGE
请问检索我的个人文档中关于实习的内容,USER_KNOWLEDGE_QA,SEARCH_GLOBAL_KNOWLEDGE
我想知道检索我的个人文档中关于实习的内容,USER_KNOWLEDGE_QA,SEARCH_GLOBAL_KNOWLEDGE
麻烦告诉我检索我的个人文档中关于实习的内容,USER_KNOWLEDGE_QA,SEARCH_GLOBAL_KNOWLEDGE
能不能告诉我检索我的个人文档中关于实习的内容,USER_KNOWLEDGE_QA,SEARCH_GLOBAL_KNOWLEDGE
看看我之前记录的会议纪要,USER_KNOWLEDGE_QA,SEARCH_GLOBAL_KNOWLEDGE
请问看看我之前记录的会议纪要,USER_KNOWLEDGE_QA,SEARCH_GLOBAL_KNOWLEDGE
我想知道看看我之前记录的会议纪要,USER_KNOWLEDGE_QA,SEARCH_GLOBAL_KNOWLEDGE
麻烦告诉我看看我之前记录的会议纪要,USER_KNOWLEDGE_QA,SEARCH_GLOBAL_KNOWLEDGE
能不能告诉我看看我之前记录的会议纪要,USER_KNOWLEDGE_QA,SEARCH_GLOBAL_KNOWLEDGE
在我的长期知识库里找论文选题,USER_KNOWLEDGE_QA,SEARCH_GLOBAL_KNOWLEDGE
请问在我的长期知识库里找论文选题,USER_KNOWLEDGE_QA,SEARCH_GLOBAL_KNOWLEDGE
我想知道在我的长期知识库里找论文选题,USER_KNOWLEDGE_QA,SEARCH_GLOBAL_KNOWLEDGE
麻烦告诉我在我的长期知识库里找论文选题,USER_KNOWLEDGE_QA,SEARCH_GLOBAL_KNOWLEDGE
能不能告诉我在我的长期知识库里找论文选题,USER_KNOWLEDGE_QA,SEARCH_GLOBAL_KNOWLEDGE
查询我的历史导入资料,USER_KNOWLEDGE_QA,SEARCH_GLOBAL_KNOWLEDGE
请问查询我的历史导入资料,USER_KNOWLEDGE_QA,SEARCH_GLOBAL_KNOWLEDGE
我想知道查询我的历史导入资料,USER_KNOWLEDGE_QA,SEARCH_GLOBAL_KNOWLEDGE
麻烦告诉我查询我的历史导入资料,USER_KNOWLEDGE_QA,SEARCH_GLOBAL_KNOWLEDGE
能不能告诉我查询我的历史导入资料,USER_KNOWLEDGE_QA,SEARCH_GLOBAL_KNOWLEDGE
我以前保存过校医院信息吗,USER_KNOWLEDGE_QA,SEARCH_GLOBAL_KNOWLEDGE
请问我以前保存过校医院信息吗,USER_KNOWLEDGE_QA,SEARCH_GLOBAL_KNOWLEDGE
我想知道我以前保存过校医院信息吗,USER_KNOWLEDGE_QA,SEARCH_GLOBAL_KNOWLEDGE
麻烦告诉我我以前保存过校医院信息吗,USER_KNOWLEDGE_QA,SEARCH_GLOBAL_KNOWLEDGE
能不能告诉我我以前保存过校医院信息吗,USER_KNOWLEDGE_QA,SEARCH_GLOBAL_KNOWLEDGE
从我的资料里找数据库笔记,USER_KNOWLEDGE_QA,SEARCH_GLOBAL_KNOWLEDGE
请帮我从我的资料里找数据库笔记,USER_KNOWLEDGE_QA,SEARCH_GLOBAL_KNOWLEDGE
麻烦从我的资料里找数据库笔记,USER_KNOWLEDGE_QA,SEARCH_GLOBAL_KNOWLEDGE
帮我从我的资料里找数据库笔记,USER_KNOWLEDGE_QA,SEARCH_GLOBAL_KNOWLEDGE
请从我的资料里找数据库笔记,USER_KNOWLEDGE_QA,SEARCH_GLOBAL_KNOWLEDGE
查看我的个人知识库课程安排,USER_KNOWLEDGE_QA,SEARCH_GLOBAL_KNOWLEDGE
请问查看我的个人知识库课程安排,USER_KNOWLEDGE_QA,SEARCH_GLOBAL_KNOWLEDGE
我想知道查看我的个人知识库课程安排,USER_KNOWLEDGE_QA,SEARCH_GLOBAL_KNOWLEDGE
麻烦告诉我查看我的个人知识库课程安排,USER_KNOWLEDGE_QA,SEARCH_GLOBAL_KNOWLEDGE
能不能告诉我查看我的个人知识库课程安排,USER_KNOWLEDGE_QA,SEARCH_GLOBAL_KNOWLEDGE
帮我搜一下以前导入的复习资料,USER_KNOWLEDGE_QA,SEARCH_GLOBAL_KNOWLEDGE
请帮我搜一下以前导入的复习资料,USER_KNOWLEDGE_QA,SEARCH_GLOBAL_KNOWLEDGE
麻烦帮我搜一下以前导入的复习资料,USER_KNOWLEDGE_QA,SEARCH_GLOBAL_KNOWLEDGE
能不能帮我搜一下以前导入的复习资料,USER_KNOWLEDGE_QA,SEARCH_GLOBAL_KNOWLEDGE
可以帮我搜一下以前导入的复习资料,USER_KNOWLEDGE_QA,SEARCH_GLOBAL_KNOWLEDGE
我之前收藏过哪些回答,USER_KNOWLEDGE_QA,SEARCH_GLOBAL_KNOWLEDGE
请问我之前收藏过哪些回答,USER_KNOWLEDGE_QA,SEARCH_GLOBAL_KNOWLEDGE
我想知道我之前收藏过哪些回答,USER_KNOWLEDGE_QA,SEARCH_GLOBAL_KNOWLEDGE
麻烦告诉我我之前收藏过哪些回答,USER_KNOWLEDGE_QA,SEARCH_GLOBAL_KNOWLEDGE
能不能告诉我我之前收藏过哪些回答,USER_KNOWLEDGE_QA,SEARCH_GLOBAL_KNOWLEDGE
找找我的知识库里有没有社团资料,USER_KNOWLEDGE_QA,SEARCH_GLOBAL_KNOWLEDGE
请问找找我的知识库里有没有社团资料,USER_KNOWLEDGE_QA,SEARCH_GLOBAL_KNOWLEDGE
我想知道找找我的知识库里有没有社团资料,USER_KNOWLEDGE_QA,SEARCH_GLOBAL_KNOWLEDGE
麻烦告诉我找找我的知识库里有没有社团资料,USER_KNOWLEDGE_QA,SEARCH_GLOBAL_KNOWLEDGE
能不能告诉我找找我的知识库里有没有社团资料,USER_KNOWLEDGE_QA,SEARCH_GLOBAL_KNOWLEDGE
查询我的长期保存内容,USER_KNOWLEDGE_QA,SEARCH_GLOBAL_KNOWLEDGE
请问查询我的长期保存内容,USER_KNOWLEDGE_QA,SEARCH_GLOBAL_KNOWLEDGE
我想知道查询我的长期保存内容,USER_KNOWLEDGE_QA,SEARCH_GLOBAL_KNOWLEDGE
麻烦告诉我查询我的长期保存内容,USER_KNOWLEDGE_QA,SEARCH_GLOBAL_KNOWLEDGE
能不能告诉我查询我的长期保存内容,USER_KNOWLEDGE_QA,SEARCH_GLOBAL_KNOWLEDGE
从我的全局知识里找课程表,USER_KNOWLEDGE_QA,SEARCH_GLOBAL_KNOWLEDGE
请帮我从我的全局知识里找课程表,USER_KNOWLEDGE_QA,SEARCH_GLOBAL_KNOWLEDGE
麻烦从我的全局知识里找课程表,USER_KNOWLEDGE_QA,SEARCH_GLOBAL_KNOWLEDGE
帮我从我的全局知识里找课程表,USER_KNOWLEDGE_QA,SEARCH_GLOBAL_KNOWLEDGE
请从我的全局知识里找课程表,USER_KNOWLEDGE_QA,SEARCH_GLOBAL_KNOWLEDGE
看看我保存的考试重点,USER_KNOWLEDGE_QA,SEARCH_GLOBAL_KNOWLEDGE
请问看看我保存的考试重点,USER_KNOWLEDGE_QA,SEARCH_GLOBAL_KNOWLEDGE
我想知道看看我保存的考试重点,USER_KNOWLEDGE_QA,SEARCH_GLOBAL_KNOWLEDGE
麻烦告诉我看看我保存的考试重点,USER_KNOWLEDGE_QA,SEARCH_GLOBAL_KNOWLEDGE
能不能告诉我看看我保存的考试重点,USER_KNOWLEDGE_QA,SEARCH_GLOBAL_KNOWLEDGE
给我讲个笑话,DIRECT_AI,DIRECT_LLM
请问给我讲个笑话,DIRECT_AI,DIRECT_LLM
我想知道给我讲个笑话,DIRECT_AI,DIRECT_LLM
麻烦告诉我给我讲个笑话,DIRECT_AI,DIRECT_LLM
能不能告诉我给我讲个笑话,DIRECT_AI,DIRECT_LLM
解释一下人工智能,DIRECT_AI,DIRECT_LLM
请问解释一下人工智能,DIRECT_AI,DIRECT_LLM
我想知道解释一下人工智能,DIRECT_AI,DIRECT_LLM
麻烦告诉我解释一下人工智能,DIRECT_AI,DIRECT_LLM
能不能告诉我解释一下人工智能,DIRECT_AI,DIRECT_LLM
推荐几本适合大学生看的书,DIRECT_AI,DIRECT_LLM
请问推荐几本适合大学生看的书,DIRECT_AI,DIRECT_LLM
我想知道推荐几本适合大学生看的书,DIRECT_AI,DIRECT_LLM
麻烦告诉我推荐几本适合大学生看的书,DIRECT_AI,DIRECT_LLM
能不能告诉我推荐几本适合大学生看的书,DIRECT_AI,DIRECT_LLM
帮我想一个项目名字,DIRECT_AI,DIRECT_LLM
请帮我想一个项目名字,DIRECT_AI,DIRECT_LLM
麻烦帮我想一个项目名字,DIRECT_AI,DIRECT_LLM
能不能帮我想一个项目名字,DIRECT_AI,DIRECT_LLM
可以帮我想一个项目名字,DIRECT_AI,DIRECT_LLM
什么是操作系统,DIRECT_AI,DIRECT_LLM
请问什么是操作系统,DIRECT_AI,DIRECT_LLM
我想知道什么是操作系统,DIRECT_AI,DIRECT_LLM
麻烦告诉我什么是操作系统,DIRECT_AI,DIRECT_LLM
能不能告诉我什么是操作系统,DIRECT_AI,DIRECT_LLM
解释一下数据库,DIRECT_AI,DIRECT_LLM
请问解释一下数据库,DIRECT_AI,DIRECT_LLM
我想知道解释一下数据库,DIRECT_AI,DIRECT_LLM
麻烦告诉我解释一下数据库,DIRECT_AI,DIRECT_LLM
能不能告诉我解释一下数据库,DIRECT_AI,DIRECT_LLM
机器学习和深度学习有什么区别,DIRECT_AI,DIRECT_LLM
请问机器学习和深度学习有什么区别,DIRECT_AI,DIRECT_LLM
我想知道机器学习和深度学习有什么区别,DIRECT_AI,DIRECT_LLM
麻烦告诉我机器学习和深度学习有什么区别,DIRECT_AI,DIRECT_LLM
能不能告诉我机器学习和深度学习有什么区别,DIRECT_AI,DIRECT_LLM
数据库索引有什么用,DIRECT_AI,DIRECT_LLM
请问数据库索引有什么用,DIRECT_AI,DIRECT_LLM
我想知道数据库索引有什么用,DIRECT_AI,DIRECT_LLM
麻烦告诉我数据库索引有什么用,DIRECT_AI,DIRECT_LLM
能不能告诉我数据库索引有什么用,DIRECT_AI,DIRECT_LLM
如何提高英语口语能力,DIRECT_AI,DIRECT_LLM
请问如何提高英语口语能力,DIRECT_AI,DIRECT_LLM
我想知道如何提高英语口语能力,DIRECT_AI,DIRECT_LLM
麻烦告诉我如何提高英语口语能力,DIRECT_AI,DIRECT_LLM
能不能告诉我如何提高英语口语能力,DIRECT_AI,DIRECT_LLM
写一句鼓励自己的话,DIRECT_AI,DIRECT_LLM
请问写一句鼓励自己的话,DIRECT_AI,DIRECT_LLM
我想知道写一句鼓励自己的话,DIRECT_AI,DIRECT_LLM
麻烦告诉我写一句鼓励自己的话,DIRECT_AI,DIRECT_LLM
能不能告诉我写一句鼓励自己的话,DIRECT_AI,DIRECT_LLM
解释一下什么是时间复杂度,DIRECT_AI,DIRECT_LLM
请问解释一下什么是时间复杂度,DIRECT_AI,DIRECT_LLM
我想知道解释一下什么是时间复杂度,DIRECT_AI,DIRECT_LLM
麻烦告诉我解释一下什么是时间复杂度,DIRECT_AI,DIRECT_LLM
能不能告诉我解释一下什么是时间复杂度,DIRECT_AI,DIRECT_LLM
给我一个学习编程的建议,DIRECT_AI,DIRECT_LLM
请问给我一个学习编程的建议,DIRECT_AI,DIRECT_LLM
我想知道给我一个学习编程的建议,DIRECT_AI,DIRECT_LLM
麻烦告诉我给我一个学习编程的建议,DIRECT_AI,DIRECT_LLM
能不能告诉我给我一个学习编程的建议,DIRECT_AI,DIRECT_LLM
说明一下碳中和的含义,DIRECT_AI,DIRECT_LLM
请问说明一下碳中和的含义,DIRECT_AI,DIRECT_LLM
我想知道说明一下碳中和的含义,DIRECT_AI,DIRECT_LLM
麻烦告诉我说明一下碳中和的含义,DIRECT_AI,DIRECT_LLM
能不能告诉我说明一下碳中和的含义,DIRECT_AI,DIRECT_LLM
介绍一下区块链的基本概念,DIRECT_AI,DIRECT_LLM
请问介绍一下区块链的基本概念,DIRECT_AI,DIRECT_LLM
我想知道介绍一下区块链的基本概念,DIRECT_AI,DIRECT_LLM
麻烦告诉我介绍一下区块链的基本概念,DIRECT_AI,DIRECT_LLM
能不能告诉我介绍一下区块链的基本概念,DIRECT_AI,DIRECT_LLM
如何培养长期阅读习惯,DIRECT_AI,DIRECT_LLM
请问如何培养长期阅读习惯,DIRECT_AI,DIRECT_LLM
我想知道如何培养长期阅读习惯,DIRECT_AI,DIRECT_LLM
麻烦告诉我如何培养长期阅读习惯,DIRECT_AI,DIRECT_LLM
能不能告诉我如何培养长期阅读习惯,DIRECT_AI,DIRECT_LLM
写一段面试自我介绍,DIRECT_AI,DIRECT_LLM
请问写一段面试自我介绍,DIRECT_AI,DIRECT_LLM
我想知道写一段面试自我介绍,DIRECT_AI,DIRECT_LLM
麻烦告诉我写一段面试自我介绍,DIRECT_AI,DIRECT_LLM
能不能告诉我写一段面试自我介绍,DIRECT_AI,DIRECT_LLM
帮我起一个社团活动名字,DIRECT_AI,DIRECT_LLM
请帮我起一个社团活动名字,DIRECT_AI,DIRECT_LLM
麻烦帮我起一个社团活动名字,DIRECT_AI,DIRECT_LLM
能不能帮我起一个社团活动名字,DIRECT_AI,DIRECT_LLM
可以帮我起一个社团活动名字,DIRECT_AI,DIRECT_LLM
解释一下什么是编译原理,DIRECT_AI,DIRECT_LLM
请问解释一下什么是编译原理,DIRECT_AI,DIRECT_LLM
我想知道解释一下什么是编译原理,DIRECT_AI,DIRECT_LLM
麻烦告诉我解释一下什么是编译原理,DIRECT_AI,DIRECT_LLM
能不能告诉我解释一下什么是编译原理,DIRECT_AI,DIRECT_LLM
推荐几部放松的电影,DIRECT_AI,DIRECT_LLM
请问推荐几部放松的电影,DIRECT_AI,DIRECT_LLM
我想知道推荐几部放松的电影,DIRECT_AI,DIRECT_LLM
麻烦告诉我推荐几部放松的电影,DIRECT_AI,DIRECT_LLM
能不能告诉我推荐几部放松的电影,DIRECT_AI,DIRECT_LLM
给我一个晨读计划建议,DIRECT_AI,DIRECT_LLM
请问给我一个晨读计划建议,DIRECT_AI,DIRECT_LLM
我想知道给我一个晨读计划建议,DIRECT_AI,DIRECT_LLM
麻烦告诉我给我一个晨读计划建议,DIRECT_AI,DIRECT_LLM
能不能告诉我给我一个晨读计划建议,DIRECT_AI,DIRECT_LLM
写一段活动开场白,DIRECT_AI,DIRECT_LLM
请问写一段活动开场白,DIRECT_AI,DIRECT_LLM
我想知道写一段活动开场白,DIRECT_AI,DIRECT_LLM
麻烦告诉我写一段活动开场白,DIRECT_AI,DIRECT_LLM
能不能告诉我写一段活动开场白,DIRECT_AI,DIRECT_LLM
什么是神经网络,DIRECT_AI,DIRECT_LLM
请问什么是神经网络,DIRECT_AI,DIRECT_LLM
我想知道什么是神经网络,DIRECT_AI,DIRECT_LLM
麻烦告诉我什么是神经网络,DIRECT_AI,DIRECT_LLM
能不能告诉我什么是神经网络,DIRECT_AI,DIRECT_LLM
解释一下缓存的作用,DIRECT_AI,DIRECT_LLM
请问解释一下缓存的作用,DIRECT_AI,DIRECT_LLM
我想知道解释一下缓存的作用,DIRECT_AI,DIRECT_LLM
麻烦告诉我解释一下缓存的作用,DIRECT_AI,DIRECT_LLM
能不能告诉我解释一下缓存的作用,DIRECT_AI,DIRECT_LLM
帮我想一句海报标语,DIRECT_AI,DIRECT_LLM
请帮我想一句海报标语,DIRECT_AI,DIRECT_LLM
麻烦帮我想一句海报标语,DIRECT_AI,DIRECT_LLM
能不能帮我想一句海报标语,DIRECT_AI,DIRECT_LLM
可以帮我想一句海报标语,DIRECT_AI,DIRECT_LLM
讲讲怎样提升表达能力,DIRECT_AI,DIRECT_LLM
请问讲讲怎样提升表达能力,DIRECT_AI,DIRECT_LLM
我想知道讲讲怎样提升表达能力,DIRECT_AI,DIRECT_LLM
麻烦告诉我讲讲怎样提升表达能力,DIRECT_AI,DIRECT_LLM
能不能告诉我讲讲怎样提升表达能力,DIRECT_AI,DIRECT_LLM
删除这个对话,SYSTEM_ACTION,WRITE_USER_DATA
请帮我删除这个对话,SYSTEM_ACTION,WRITE_USER_DATA
麻烦删除这个对话,SYSTEM_ACTION,WRITE_USER_DATA
帮我删除这个对话,SYSTEM_ACTION,WRITE_USER_DATA
请删除这个对话,SYSTEM_ACTION,WRITE_USER_DATA
修改我的昵称,SYSTEM_ACTION,WRITE_USER_DATA
请帮我修改我的昵称,SYSTEM_ACTION,WRITE_USER_DATA
麻烦修改我的昵称,SYSTEM_ACTION,WRITE_USER_DATA
帮我修改我的昵称,SYSTEM_ACTION,WRITE_USER_DATA
请修改我的昵称,SYSTEM_ACTION,WRITE_USER_DATA
把这个文件加入全局知识库,SYSTEM_ACTION,WRITE_USER_DATA
请帮我把这个文件加入全局知识库,SYSTEM_ACTION,WRITE_USER_DATA
麻烦把这个文件加入全局知识库,SYSTEM_ACTION,WRITE_USER_DATA
帮我把这个文件加入全局知识库,SYSTEM_ACTION,WRITE_USER_DATA
请把这个文件加入全局知识库,SYSTEM_ACTION,WRITE_USER_DATA
删除这条知识,SYSTEM_ACTION,WRITE_USER_DATA
请帮我删除这条知识,SYSTEM_ACTION,WRITE_USER_DATA
麻烦删除这条知识,SYSTEM_ACTION,WRITE_USER_DATA
帮我删除这条知识,SYSTEM_ACTION,WRITE_USER_DATA
请删除这条知识,SYSTEM_ACTION,WRITE_USER_DATA
把当前对话知识转为全局知识,SYSTEM_ACTION,WRITE_USER_DATA
请帮我把当前对话知识转为全局知识,SYSTEM_ACTION,WRITE_USER_DATA
麻烦把当前对话知识转为全局知识,SYSTEM_ACTION,WRITE_USER_DATA
帮我把当前对话知识转为全局知识,SYSTEM_ACTION,WRITE_USER_DATA
请把当前对话知识转为全局知识,SYSTEM_ACTION,WRITE_USER_DATA
修改界面为黑夜模式,SYSTEM_ACTION,WRITE_USER_DATA
请帮我修改界面为黑夜模式,SYSTEM_ACTION,WRITE_USER_DATA
麻烦修改界面为黑夜模式,SYSTEM_ACTION,WRITE_USER_DATA
帮我修改界面为黑夜模式,SYSTEM_ACTION,WRITE_USER_DATA
请修改界面为黑夜模式,SYSTEM_ACTION,WRITE_USER_DATA
保存我的个人资料,SYSTEM_ACTION,WRITE_USER_DATA
请帮我保存我的个人资料,SYSTEM_ACTION,WRITE_USER_DATA
麻烦保存我的个人资料,SYSTEM_ACTION,WRITE_USER_DATA
帮我保存我的个人资料,SYSTEM_ACTION,WRITE_USER_DATA
请保存我的个人资料,SYSTEM_ACTION,WRITE_USER_DATA
把这份资料保存到我的知识库,SYSTEM_ACTION,WRITE_USER_DATA
请帮我把这份资料保存到我的知识库,SYSTEM_ACTION,WRITE_USER_DATA
麻烦把这份资料保存到我的知识库,SYSTEM_ACTION,WRITE_USER_DATA
帮我把这份资料保存到我的知识库,SYSTEM_ACTION,WRITE_USER_DATA
请把这份资料保存到我的知识库,SYSTEM_ACTION,WRITE_USER_DATA
删除我刚刚上传的文件,SYSTEM_ACTION,WRITE_USER_DATA
请帮我删除我刚刚上传的文件,SYSTEM_ACTION,WRITE_USER_DATA
麻烦删除我刚刚上传的文件,SYSTEM_ACTION,WRITE_USER_DATA
帮我删除我刚刚上传的文件,SYSTEM_ACTION,WRITE_USER_DATA
请删除我刚刚上传的文件,SYSTEM_ACTION,WRITE_USER_DATA
清空当前会话记录,SYSTEM_ACTION,WRITE_USER_DATA
请帮我清空当前会话记录,SYSTEM_ACTION,WRITE_USER_DATA
麻烦清空当前会话记录,SYSTEM_ACTION,WRITE_USER_DATA
帮我清空当前会话记录,SYSTEM_ACTION,WRITE_USER_DATA
请清空当前会话记录,SYSTEM_ACTION,WRITE_USER_DATA
把我的学院改成计算机学院,SYSTEM_ACTION,WRITE_USER_DATA
请帮我把我的学院改成计算机学院,SYSTEM_ACTION,WRITE_USER_DATA
麻烦把我的学院改成计算机学院,SYSTEM_ACTION,WRITE_USER_DATA
帮我把我的学院改成计算机学院,SYSTEM_ACTION,WRITE_USER_DATA
请把我的学院改成计算机学院,SYSTEM_ACTION,WRITE_USER_DATA
更新我的年级信息,SYSTEM_ACTION,WRITE_USER_DATA
请帮我更新我的年级信息,SYSTEM_ACTION,WRITE_USER_DATA
麻烦更新我的年级信息,SYSTEM_ACTION,WRITE_USER_DATA
帮我更新我的年级信息,SYSTEM_ACTION,WRITE_USER_DATA
请更新我的年级信息,SYSTEM_ACTION,WRITE_USER_DATA
取消这条待办事项,SYSTEM_ACTION,WRITE_USER_DATA
请帮我取消这条待办事项,SYSTEM_ACTION,WRITE_USER_DATA
麻烦取消这条待办事项,SYSTEM_ACTION,WRITE_USER_DATA
帮我取消这条待办事项,SYSTEM_ACTION,WRITE_USER_DATA
请取消这条待办事项,SYSTEM_ACTION,WRITE_USER_DATA
把这个回答收藏起来,SYSTEM_ACTION,WRITE_USER_DATA
请帮我把这个回答收藏起来,SYSTEM_ACTION,WRITE_USER_DATA
麻烦把这个回答收藏起来,SYSTEM_ACTION,WRITE_USER_DATA
帮我把这个回答收藏起来,SYSTEM_ACTION,WRITE_USER_DATA
请把这个回答收藏起来,SYSTEM_ACTION,WRITE_USER_DATA
移除这份全局知识,SYSTEM_ACTION,WRITE_USER_DATA
请帮我移除这份全局知识,SYSTEM_ACTION,WRITE_USER_DATA
麻烦移除这份全局知识,SYSTEM_ACTION,WRITE_USER_DATA
帮我移除这份全局知识,SYSTEM_ACTION,WRITE_USER_DATA
请移除这份全局知识,SYSTEM_ACTION,WRITE_USER_DATA
保存当前聊天内容,SYSTEM_ACTION,WRITE_USER_DATA
请帮我保存当前聊天内容,SYSTEM_ACTION,WRITE_USER_DATA
麻烦保存当前聊天内容,SYSTEM_ACTION,WRITE_USER_DATA
帮我保存当前聊天内容,SYSTEM_ACTION,WRITE_USER_DATA
请保存当前聊天内容,SYSTEM_ACTION,WRITE_USER_DATA
把我的手机号改一下,SYSTEM_ACTION,WRITE_USER_DATA
请帮我把我的手机号改一下,SYSTEM_ACTION,WRITE_USER_DATA
麻烦把我的手机号改一下,SYSTEM_ACTION,WRITE_USER_DATA
帮我把我的手机号改一下,SYSTEM_ACTION,WRITE_USER_DATA
请把我的手机号改一下,SYSTEM_ACTION,WRITE_USER_DATA
删除这份课程资料,SYSTEM_ACTION,WRITE_USER_DATA
请帮我删除这份课程资料,SYSTEM_ACTION,WRITE_USER_DATA
麻烦删除这份课程资料,SYSTEM_ACTION,WRITE_USER_DATA
帮我删除这份课程资料,SYSTEM_ACTION,WRITE_USER_DATA
请删除这份课程资料,SYSTEM_ACTION,WRITE_USER_DATA
把这个文件移出知识库,SYSTEM_ACTION,WRITE_USER_DATA
请帮我把这个文件移出知识库,SYSTEM_ACTION,WRITE_USER_DATA
麻烦把这个文件移出知识库,SYSTEM_ACTION,WRITE_USER_DATA
帮我把这个文件移出知识库,SYSTEM_ACTION,WRITE_USER_DATA
请把这个文件移出知识库,SYSTEM_ACTION,WRITE_USER_DATA
保存我的偏好设置,SYSTEM_ACTION,WRITE_USER_DATA
请帮我保存我的偏好设置,SYSTEM_ACTION,WRITE_USER_DATA
麻烦保存我的偏好设置,SYSTEM_ACTION,WRITE_USER_DATA
帮我保存我的偏好设置,SYSTEM_ACTION,WRITE_USER_DATA
请保存我的偏好设置,SYSTEM_ACTION,WRITE_USER_DATA
修改我的个人简介,SYSTEM_ACTION,WRITE_USER_DATA
请帮我修改我的个人简介,SYSTEM_ACTION,WRITE_USER_DATA
麻烦修改我的个人简介,SYSTEM_ACTION,WRITE_USER_DATA
帮我修改我的个人简介,SYSTEM_ACTION,WRITE_USER_DATA
请修改我的个人简介,SYSTEM_ACTION,WRITE_USER_DATA
把当前文件设为公开知识,SYSTEM_ACTION,WRITE_USER_DATA
请帮我把当前文件设为公开知识,SYSTEM_ACTION,WRITE_USER_DATA
麻烦把当前文件设为公开知识,SYSTEM_ACTION,WRITE_USER_DATA
帮我把当前文件设为公开知识,SYSTEM_ACTION,WRITE_USER_DATA
请把当前文件设为公开知识,SYSTEM_ACTION,WRITE_USER_DATA
撤销刚才的保存,SYSTEM_ACTION,WRITE_USER_DATA
请帮我撤销刚才的保存,SYSTEM_ACTION,WRITE_USER_DATA
麻烦撤销刚才的保存,SYSTEM_ACTION,WRITE_USER_DATA
帮我撤销刚才的保存,SYSTEM_ACTION,WRITE_USER_DATA
请撤销刚才的保存,SYSTEM_ACTION,WRITE_USER_DATA
把这条记录删掉,SYSTEM_ACTION,WRITE_USER_DATA
请帮我把这条记录删掉,SYSTEM_ACTION,WRITE_USER_DATA
麻烦把这条记录删掉,SYSTEM_ACTION,WRITE_USER_DATA
帮我把这条记录删掉,SYSTEM_ACTION,WRITE_USER_DATA
请把这条记录删掉,SYSTEM_ACTION,WRITE_USER_DATA
更新我的班级信息,SYSTEM_ACTION,WRITE_USER_DATA
请帮我更新我的班级信息,SYSTEM_ACTION,WRITE_USER_DATA
麻烦更新我的班级信息,SYSTEM_ACTION,WRITE_USER_DATA
帮我更新我的班级信息,SYSTEM_ACTION,WRITE_USER_DATA
请更新我的班级信息,SYSTEM_ACTION,WRITE_USER_DATA
这个怎么办,UNKNOWN,SEARCH_CONVERSATION_HISTORY
请问这个怎么办,UNKNOWN,SEARCH_CONVERSATION_HISTORY
我想知道这个怎么办,UNKNOWN,SEARCH_CONVERSATION_HISTORY
麻烦告诉我这个怎么办,UNKNOWN,SEARCH_CONVERSATION_HISTORY
能不能告诉我这个怎么办,UNKNOWN,SEARCH_CONVERSATION_HISTORY
那个还能用吗,UNKNOWN,SEARCH_CONVERSATION_HISTORY
请问那个还能用吗,UNKNOWN,SEARCH_CONVERSATION_HISTORY
我想确认一下那个还能用吗,UNKNOWN,SEARCH_CONVERSATION_HISTORY
帮我看看那个还能用吗,UNKNOWN,SEARCH_CONVERSATION_HISTORY
麻烦看一下那个还能用吗,UNKNOWN,SEARCH_CONVERSATION_HISTORY
你帮我看一下,UNKNOWN,SEARCH_CONVERSATION_HISTORY
请问你帮我看一下,UNKNOWN,SEARCH_CONVERSATION_HISTORY
我想知道你帮我看一下,UNKNOWN,SEARCH_CONVERSATION_HISTORY
麻烦告诉我你帮我看一下,UNKNOWN,SEARCH_CONVERSATION_HISTORY
能不能告诉我你帮我看一下,UNKNOWN,SEARCH_CONVERSATION_HISTORY
这个呢,UNKNOWN,SEARCH_CONVERSATION_HISTORY
请问这个呢,UNKNOWN,SEARCH_CONVERSATION_HISTORY
我想确认一下这个呢,UNKNOWN,SEARCH_CONVERSATION_HISTORY
帮我看看这个呢,UNKNOWN,SEARCH_CONVERSATION_HISTORY
麻烦看一下这个呢,UNKNOWN,SEARCH_CONVERSATION_HISTORY
继续,UNKNOWN,SEARCH_CONVERSATION_HISTORY
请问继续,UNKNOWN,SEARCH_CONVERSATION_HISTORY
我想确认一下继续,UNKNOWN,SEARCH_CONVERSATION_HISTORY
帮我看看继续,UNKNOWN,SEARCH_CONVERSATION_HISTORY
麻烦看一下继续,UNKNOWN,SEARCH_CONVERSATION_HISTORY
上面那个,UNKNOWN,SEARCH_CONVERSATION_HISTORY
请问上面那个,UNKNOWN,SEARCH_CONVERSATION_HISTORY
我想确认一下上面那个,UNKNOWN,SEARCH_CONVERSATION_HISTORY
帮我看看上面那个,UNKNOWN,SEARCH_CONVERSATION_HISTORY
麻烦看一下上面那个,UNKNOWN,SEARCH_CONVERSATION_HISTORY
刚才说的可以吗,UNKNOWN,SEARCH_CONVERSATION_HISTORY
请问刚才说的可以吗,UNKNOWN,SEARCH_CONVERSATION_HISTORY
我想知道刚才说的可以吗,UNKNOWN,SEARCH_CONVERSATION_HISTORY
麻烦告诉我刚才说的可以吗,UNKNOWN,SEARCH_CONVERSATION_HISTORY
能不能告诉我刚才说的可以吗,UNKNOWN,SEARCH_CONVERSATION_HISTORY
这里要怎么处理,UNKNOWN,SEARCH_CONVERSATION_HISTORY
请问这里要怎么处理,UNKNOWN,SEARCH_CONVERSATION_HISTORY
我想知道这里要怎么处理,UNKNOWN,SEARCH_CONVERSATION_HISTORY
麻烦告诉我这里要怎么处理,UNKNOWN,SEARCH_CONVERSATION_HISTORY
能不能告诉我这里要怎么处理,UNKNOWN,SEARCH_CONVERSATION_HISTORY
这样行不行,UNKNOWN,SEARCH_CONVERSATION_HISTORY
请问这样行不行,UNKNOWN,SEARCH_CONVERSATION_HISTORY
我想知道这样行不行,UNKNOWN,SEARCH_CONVERSATION_HISTORY
麻烦告诉我这样行不行,UNKNOWN,SEARCH_CONVERSATION_HISTORY
能不能告诉我这样行不行,UNKNOWN,SEARCH_CONVERSATION_HISTORY
帮我弄一下,UNKNOWN,SEARCH_CONVERSATION_HISTORY
请帮我弄一下,UNKNOWN,SEARCH_CONVERSATION_HISTORY
麻烦帮我弄一下,UNKNOWN,SEARCH_CONVERSATION_HISTORY
能不能帮我弄一下,UNKNOWN,SEARCH_CONVERSATION_HISTORY
可以帮我弄一下,UNKNOWN,SEARCH_CONVERSATION_HISTORY
还是之前那个,UNKNOWN,SEARCH_CONVERSATION_HISTORY
请问还是之前那个,UNKNOWN,SEARCH_CONVERSATION_HISTORY
我想确认一下还是之前那个,UNKNOWN,SEARCH_CONVERSATION_HISTORY
帮我看看还是之前那个,UNKNOWN,SEARCH_CONVERSATION_HISTORY
麻烦看一下还是之前那个,UNKNOWN,SEARCH_CONVERSATION_HISTORY
接着来,UNKNOWN,SEARCH_CONVERSATION_HISTORY
请问接着来,UNKNOWN,SEARCH_CONVERSATION_HISTORY
我想知道接着来,UNKNOWN,SEARCH_CONVERSATION_HISTORY
麻烦告诉我接着来,UNKNOWN,SEARCH_CONVERSATION_HISTORY
能不能告诉我接着来,UNKNOWN,SEARCH_CONVERSATION_HISTORY
那一步怎么做,UNKNOWN,SEARCH_CONVERSATION_HISTORY
请问那一步怎么做,UNKNOWN,SEARCH_CONVERSATION_HISTORY
我想知道那一步怎么做,UNKNOWN,SEARCH_CONVERSATION_HISTORY
麻烦告诉我那一步怎么做,UNKNOWN,SEARCH_CONVERSATION_HISTORY
能不能告诉我那一步怎么做,UNKNOWN,SEARCH_CONVERSATION_HISTORY
再试一次,UNKNOWN,SEARCH_CONVERSATION_HISTORY
请问再试一次,UNKNOWN,SEARCH_CONVERSATION_HISTORY
我想知道再试一次,UNKNOWN,SEARCH_CONVERSATION_HISTORY
麻烦告诉我再试一次,UNKNOWN,SEARCH_CONVERSATION_HISTORY
能不能告诉我再试一次,UNKNOWN,SEARCH_CONVERSATION_HISTORY
把它改一下,UNKNOWN,SEARCH_CONVERSATION_HISTORY
请帮我把它改一下,UNKNOWN,SEARCH_CONVERSATION_HISTORY
麻烦把它改一下,UNKNOWN,SEARCH_CONVERSATION_HISTORY
帮我把它改一下,UNKNOWN,SEARCH_CONVERSATION_HISTORY
请把它改一下,UNKNOWN,SEARCH_CONVERSATION_HISTORY
我说的是那个,UNKNOWN,SEARCH_CONVERSATION_HISTORY
请问我说的是那个,UNKNOWN,SEARCH_CONVERSATION_HISTORY
我想确认一下我说的是那个,UNKNOWN,SEARCH_CONVERSATION_HISTORY
帮我看看我说的是那个,UNKNOWN,SEARCH_CONVERSATION_HISTORY
麻烦看一下我说的是那个,UNKNOWN,SEARCH_CONVERSATION_HISTORY
这是什么意思,UNKNOWN,SEARCH_CONVERSATION_HISTORY
请问这是什么意思,UNKNOWN,SEARCH_CONVERSATION_HISTORY
我想知道这是什么意思,UNKNOWN,SEARCH_CONVERSATION_HISTORY
麻烦告诉我这是什么意思,UNKNOWN,SEARCH_CONVERSATION_HISTORY
能不能告诉我这是什么意思,UNKNOWN,SEARCH_CONVERSATION_HISTORY
按刚才那个来,UNKNOWN,SEARCH_CONVERSATION_HISTORY
请问按刚才那个来,UNKNOWN,SEARCH_CONVERSATION_HISTORY
我想确认一下按刚才那个来,UNKNOWN,SEARCH_CONVERSATION_HISTORY
帮我看看按刚才那个来,UNKNOWN,SEARCH_CONVERSATION_HISTORY
麻烦看一下按刚才那个来,UNKNOWN,SEARCH_CONVERSATION_HISTORY
你觉得呢,UNKNOWN,SEARCH_CONVERSATION_HISTORY
请问你觉得呢,UNKNOWN,SEARCH_CONVERSATION_HISTORY
我想知道你觉得呢,UNKNOWN,SEARCH_CONVERSATION_HISTORY
麻烦告诉我你觉得呢,UNKNOWN,SEARCH_CONVERSATION_HISTORY
能不能告诉我你觉得呢,UNKNOWN,SEARCH_CONVERSATION_HISTORY
可以这样吗,UNKNOWN,SEARCH_CONVERSATION_HISTORY
请问可以这样吗,UNKNOWN,SEARCH_CONVERSATION_HISTORY
我想知道可以这样吗,UNKNOWN,SEARCH_CONVERSATION_HISTORY
麻烦告诉我可以这样吗,UNKNOWN,SEARCH_CONVERSATION_HISTORY
能不能告诉我可以这样吗,UNKNOWN,SEARCH_CONVERSATION_HISTORY
帮我继续处理,UNKNOWN,SEARCH_CONVERSATION_HISTORY
请帮我继续处理,UNKNOWN,SEARCH_CONVERSATION_HISTORY
麻烦帮我继续处理,UNKNOWN,SEARCH_CONVERSATION_HISTORY
能不能帮我继续处理,UNKNOWN,SEARCH_CONVERSATION_HISTORY
可以帮我继续处理,UNKNOWN,SEARCH_CONVERSATION_HISTORY
刚刚那个再看下,UNKNOWN,SEARCH_CONVERSATION_HISTORY
请问刚刚那个再看下,UNKNOWN,SEARCH_CONVERSATION_HISTORY
我想确认一下刚刚那个再看下,UNKNOWN,SEARCH_CONVERSATION_HISTORY
帮我看看刚刚那个再看下,UNKNOWN,SEARCH_CONVERSATION_HISTORY
麻烦看一下刚刚那个再看下,UNKNOWN,SEARCH_CONVERSATION_HISTORY
这块有问题吗,UNKNOWN,SEARCH_CONVERSATION_HISTORY
请问这块有问题吗,UNKNOWN,SEARCH_CONVERSATION_HISTORY
我想知道这块有问题吗,UNKNOWN,SEARCH_CONVERSATION_HISTORY
麻烦告诉我这块有问题吗,UNKNOWN,SEARCH_CONVERSATION_HISTORY
能不能告诉我这块有问题吗,UNKNOWN,SEARCH_CONVERSATION_HISTORY
上面的内容怎么办,UNKNOWN,SEARCH_CONVERSATION_HISTORY
请问上面的内容怎么办,UNKNOWN,SEARCH_CONVERSATION_HISTORY
我想知道上面的内容怎么办,UNKNOWN,SEARCH_CONVERSATION_HISTORY
麻烦告诉我上面的内容怎么办,UNKNOWN,SEARCH_CONVERSATION_HISTORY
能不能告诉我上面的内容怎么办,UNKNOWN,SEARCH_CONVERSATION_HISTORY
然后呢,UNKNOWN,SEARCH_CONVERSATION_HISTORY
请问然后呢,UNKNOWN,SEARCH_CONVERSATION_HISTORY
我想确认一下然后呢,UNKNOWN,SEARCH_CONVERSATION_HISTORY
帮我看看然后呢,UNKNOWN,SEARCH_CONVERSATION_HISTORY
麻烦看一下然后呢,UNKNOWN,SEARCH_CONVERSATION_HISTORY
